2026/4/28/20：00
[0428/181512.939:INFO:CONSOLE(7)] "THREE.ColladaLoader: File version 1.4.0", source: file:///C:/Program%20Files/AnyLogic%208.9%20Personal%20Learning%20Edition/plugins/com.anylogic.graphics3d_8.9.8.202602271015/static/init.js (7)
[0428/181512.947:INFO:CONSOLE(13)] "Loaded: file:D:/Decompression/Anylogic/Solar Panel/3d/monitor_on.dae", source: file:///C:/Program%20Files/AnyLogic%208.9%20Personal%20Learning%20Edition/plugins/com.anylogic.graphics3d_8.9.8.202602271015/static/init.js (13)
[0428/181512.954:INFO:CONSOLE(13)] "Loaded: file:D:/Decompression/Anylogic/Solar Panel/3d/monitor_on.dae", source: file:///C:/Program%20Files/AnyLogic%208.9%20Personal%20Learning%20Edition/plugins/com.anylogic.graphics3d_8.9.8.202602271015/static/init.js (13)
[0428/181512.955:INFO:CONSOLE(13)] "ISRGB -4144960 false", source: file:///C:/Program%20Files/AnyLogic%208.9%20Personal%20Learning%20Edition/plugins/com.anylogic.graphics3d_8.9.8.202602271015/static/init.js (13)
[0428/181513.026:INFO:CONSOLE(13)] "Loaded: file:D:/Decompression/Anylogic/Solar Panel/3d/monitor_on.dae", source: file:///C:/Program%20Files/AnyLogic%208.9%20Personal%20Learning%20Edition/plugins/com.anylogic.graphics3d_8.9.8.202602271015/static/init.js (13)
[0428/181513.033:INFO:CONSOLE(13)] "Loaded: file:D:/Decompression/Anylogic/Solar Panel/3d/monitor_on.dae", source: file:///C:/Program%20Files/AnyLogic%208.9%20Personal%20Learning%20Edition/plugins/com.anylogic.graphics3d_8.9.8.202602271015/static/init.js (13)
[0428/181513.033:INFO:CONSOLE(13)] "ISRGB -1 false", source: file:///C:/Program%20Files/AnyLogic%208.9%20Personal%20Learning%20Edition/plugins/com.anylogic.graphics3d_8.9.8.202602271015/static/init.js (13)
[0428/181513.033:INFO:CONSOLE(13)] "ISRGB -1 false", source: file:///C:/Program%20Files/AnyLogic%208.9%20Personal%20Learning%20Edition/plugins/com.anylogic.graphics3d_8.9.8.202602271015/static/init.js (13)
[0428/181513.312:INFO:CONSOLE(7)] "THREE.ColladaLoader: File version 1.4.0", source: file:///C:/Program%20Files/AnyLogic%208.9%20Personal%20Learning%20Edition/plugins/com.anylogic.graphics3d_8.9.8.202602271015/static/init.js (7)
[0428/181513.330:INFO:CONSOLE(13)] "Loaded: file:D:/Decompression/Anylogic/Solar Panel/3d/person.dae", source: file:///C:/Program%20Files/AnyLogic%208.9%20Personal%20Learning%20Edition/plugins/com.anylogic.graphics3d_8.9.8.202602271015/static/init.js (13)
[0428/181513.334:INFO:CONSOLE(13)] "Loaded: file:D:/Decompression/Anylogic/Solar Panel/3d/person.dae", source: file:///C:/Program%20Files/AnyLogic%208.9%20Personal%20Learning%20Edition/plugins/com.anylogic.graphics3d_8.9.8.202602271015/static/init.js (13)
[0428/181513.334:INFO:CONSOLE(13)] "ISRGB -1 false", source: file:///C:/Program%20Files/AnyLogic%208.9%20Personal%20Learning%20Edition/plugins/com.anylogic.graphics3d_8.9.8.202602271015/static/init.js (13)
[0428/181513.334:INFO:CONSOLE(13)] "ISRGB -1 false", source: file:///C:/Program%20Files/AnyLogic%208.9%20Personal%20Learning%20Edition/plugins/com.anylogic.graphics3d_8.9.8.202602271015/static/init.js (13)
[0428/181513.334:INFO:CONSOLE(13)] "ISRGB -16777216 false", source: file:///C:/Program%20Files/AnyLogic%208.9%20Personal%20Learning%20Edition/plugins/com.anylogic.graphics3d_8.9.8.202602271015/static/init.js (13)
[0428/181711.538:ERROR:gpu_init.cc(523)] Passthrough is not supported, GL is disabled, ANGLE is 
[0428/182728.998:INFO:CONSOLE(13)] "Loaded: file:D:/Decompression/Anylogic/Solar Panel/3d/person.dae", source: file:///C:/Program%20Files/AnyLogic%208.9%20Personal%20Learning%20Edition/plugins/com.anylogic.graphics3d_8.9.8.202602271015/static/init.js (13)
[0428/182729.021:INFO:CONSOLE(7)] "THREE.ColladaLoader: File version 1.4.0", source: file:///C:/Program%20Files/AnyLogic%208.9%20Personal%20Learning%20Edition/plugins/com.anylogic.graphics3d_8.9.8.202602271015/static/init.js (7)
[0428/182729.025:INFO:CONSOLE(13)] "Loaded: file:D:/Decompression/Anylogic/Solar Panel/3d/forklift.dae", source: file:///C:/Program%20Files/AnyLogic%208.9%20Personal%20Learning%20Edition/plugins/com.anylogic.graphics3d_8.9.8.202602271015/static/init.js (13)
[0428/182729.028:INFO:CONSOLE(13)] "Loaded: file:D:/Decompression/Anylogic/Solar Panel/3d/forklift.dae", source: file:///C:/Program%20Files/AnyLogic%208.9%20Personal%20Learning%20Edition/plugins/com.anylogic.graphics3d_8.9.8.202602271015/static/init.js (13)
[0429/160224.696:INFO:CONSOLE(7)] "THREE.ColladaLoader: File version 1.4.0", source: file:///C:/Program%20Files/AnyLogic%208.9%20Personal%20Learning%20Edition/plugins/com.anylogic.graphics3d_8.9.8.202602271015/static/init.js (7)
[0429/160224.707:INFO:CONSOLE(13)] "Loaded: file:D:/Decompression/Anylogic/Solar Panel/3d/monitor_on.dae", source: file:///C:/Program%20Files/AnyLogic%208.9%20Personal%20Learning%20Edition/plugins/com.anylogic.graphics3d_8.9.8.202602271015/static/init.js (13)
[0429/160224.720:INFO:CONSOLE(13)] "Loaded: file:D:/Decompression/Anylogic/Solar Panel/3d/monitor_on.dae", source: file:///C:/Program%20Files/AnyLogic%208.9%20Personal%20Learning%20Edition/plugins/com.anylogic.graphics3d_8.9.8.202602271015/static/init.js (13)
[0429/160224.720:INFO:CONSOLE(13)] "ISRGB -4144960 false", source: file:///C:/Program%20Files/AnyLogic%208.9%20Personal%20Learning%20Edition/plugins/com.anylogic.graphics3d_8.9.8.202602271015/static/init.js (13)
[0429/160224.837:INFO:CONSOLE(13)] "Loaded: file:D:/Decompression/Anylogic/Solar Panel/3d/monitor_on.dae", source: file:///C:/Program%20Files/AnyLogic%208.9%20Personal%20Learning%20Edition/plugins/com.anylogic.graphics3d_8.9.8.202602271015/static/init.js (13)
[0429/160224.850:INFO:CONSOLE(13)] "Loaded: file:D:/Decompression/Anylogic/Solar Panel/3d/monitor_on.dae", source: file:///C:/Program%20Files/AnyLogic%208.9%20Personal%20Learning%20Edition/plugins/com.anylogic.graphics3d_8.9.8.202602271015/static/init.js (13)
[0429/160224.851:INFO:CONSOLE(13)] "ISRGB -1 false", source: file:///C:/Program%20Files/AnyLogic%208.9%20Personal%20Learning%20Edition/plugins/com.anylogic.graphics3d_8.9.8.202602271015/static/init.js (13)
[0429/160224.851:INFO:CONSOLE(13)] "ISRGB -1 false", source: file:///C:/Program%20Files/AnyLogic%208.9%20Personal%20Learning%20Edition/plugins/com.anylogic.graphics3d_8.9.8.202602271015/static/init.js (13)
[0429/160225.610:INFO:CONSOLE(7)] "THREE.ColladaLoader: File version 1.4.0", source: file:///C:/Program%20Files/AnyLogic%208.9%20Personal%20Learning%20Edition/plugins/com.anylogic.graphics3d_8.9.8.202602271015/static/init.js (7)
[0429/160225.638:INFO:CONSOLE(13)] "Loaded: file:D:/Decompression/Anylogic/Solar Panel/3d/person.dae", source: file:///C:/Program%20Files/AnyLogic%208.9%20Personal%20Learning%20Edition/plugins/com.anylogic.graphics3d_8.9.8.202602271015/static/init.js (13)
[0429/160225.644:INFO:CONSOLE(13)] "Loaded: file:D:/Decompression/Anylogic/Solar Panel/3d/person.dae", source: file:///C:/Program%20Files/AnyLogic%208.9%20Personal%20Learning%20Edition/plugins/com.anylogic.graphics3d_8.9.8.202602271015/static/init.js (13)
[0429/160225.645:INFO:CONSOLE(13)] "ISRGB -1 false", source: file:///C:/Program%20Files/AnyLogic%208.9%20Personal%20Learning%20Edition/plugins/com.anylogic.graphics3d_8.9.8.202602271015/static/init.js (13)
[0429/160225.645:INFO:CONSOLE(13)] "ISRGB -1 false", source: file:///C:/Program%20Files/AnyLogic%208.9%20Personal%20Learning%20Edition/plugins/com.anylogic.graphics3d_8.9.8.202602271015/static/init.js (13)
[0429/160225.645:INFO:CONSOLE(13)] "ISRGB -16777216 false", source: file:///C:/Program%20Files/AnyLogic%208.9%20Personal%20Learning%20Edition/plugins/com.anylogic.graphics3d_8.9.8.202602271015/static/init.js (13)
[0429/160341.353:ERROR:ssl_client_socket_impl.cc(985)] handshake failed; returned -1, SSL error code 1, net_error -100
[0429/160400.604:ERROR:ssl_client_socket_impl.cc(985)] handshake failed; returned -1, SSL error code 1, net_error -100
[0429/160422.989:ERROR:gpu_init.cc(523)] Passthrough is not supported, GL is disabled, ANGLE is 
[0429/161345.819:INFO:CONSOLE(13)] "Loaded: file:D:/Decompression/Anylogic/Solar Panel/3d/person.dae", source: file:///C:/Program%20Files/AnyLogic%208.9%20Personal%20Learning%20Edition/plugins/com.anylogic.graphics3d_8.9.8.202602271015/static/init.js (13)
[0429/161345.854:INFO:CONSOLE(7)] "THREE.ColladaLoader: File version 1.4.0", source: file:///C:/Program%20Files/AnyLogic%208.9%20Personal%20Learning%20Edition/plugins/com.anylogic.graphics3d_8.9.8.202602271015/static/init.js (7)
[0429/161345.859:INFO:CONSOLE(13)] "Loaded: file:D:/Decompression/Anylogic/Solar Panel/3d/forklift.dae", source: file:///C:/Program%20Files/AnyLogic%208.9%20Personal%20Learning%20Edition/plugins/com.anylogic.graphics3d_8.9.8.202602271015/static/init.js (13)
[0429/161345.864:INFO:CONSOLE(13)] "Loaded: file:D:/Decompression/Anylogic/Solar Panel/3d/forklift.dae", source: file:///C:/Program%20Files/AnyLogic%208.9%20Personal%20Learning%20Edition/plugins/com.anylogic.graphics3d_8.9.8.202602271015/static/init.js (13)
[0429/162621.180:INFO:CONSOLE(7)] "THREE.ColladaLoader: File version 1.4.0", source: file:///C:/Program%20Files/AnyLogic%208.9%20Personal%20Learning%20Edition/plugins/com.anylogic.graphics3d_8.9.8.202602271015/static/init.js (7)
[0429/162621.183:INFO:CONSOLE(13)] "Loaded: file:D:/Decompression/Anylogic/Solar Panel2/3d/monitor_on.dae", source: file:///C:/Program%20Files/AnyLogic%208.9%20Personal%20Learning%20Edition/plugins/com.anylogic.graphics3d_8.9.8.202602271015/static/init.js (13)
[0429/162621.187:INFO:CONSOLE(13)] "Loaded: file:D:/Decompression/Anylogic/Solar Panel2/3d/monitor_on.dae", source: file:///C:/Program%20Files/AnyLogic%208.9%20Personal%20Learning%20Edition/plugins/com.anylogic.graphics3d_8.9.8.202602271015/static/init.js (13)
[0429/162621.187:INFO:CONSOLE(13)] "ISRGB -4144960 false", source: file:///C:/Program%20Files/AnyLogic%208.9%20Personal%20Learning%20Edition/plugins/com.anylogic.graphics3d_8.9.8.202602271015/static/init.js (13)
[0429/162621.227:INFO:CONSOLE(13)] "Loaded: file:D:/Decompression/Anylogic/Solar Panel2/3d/monitor_on.dae", source: file:///C:/Program%20Files/AnyLogic%208.9%20Personal%20Learning%20Edition/plugins/com.anylogic.graphics3d_8.9.8.202602271015/static/init.js (13)
[0429/162621.235:INFO:CONSOLE(13)] "Loaded: file:D:/Decompression/Anylogic/Solar Panel2/3d/monitor_on.dae", source: file:///C:/Program%20Files/AnyLogic%208.9%20Personal%20Learning%20Edition/plugins/com.anylogic.graphics3d_8.9.8.202602271015/static/init.js (13)
[0429/162621.235:INFO:CONSOLE(13)] "ISRGB -1 false", source: file:///C:/Program%20Files/AnyLogic%208.9%20Personal%20Learning%20Edition/plugins/com.anylogic.graphics3d_8.9.8.202602271015/static/init.js (13)
[0429/162621.235:INFO:CONSOLE(13)] "ISRGB -1 false", source: file:///C:/Program%20Files/AnyLogic%208.9%20Personal%20Learning%20Edition/plugins/com.anylogic.graphics3d_8.9.8.202602271015/static/init.js (13)
[0429/162621.267:INFO:CONSOLE(7)] "THREE.ColladaLoader: File version 1.4.0", source: file:///C:/Program%20Files/AnyLogic%208.9%20Personal%20Learning%20Edition/plugins/com.anylogic.graphics3d_8.9.8.202602271015/static/init.js (7)
[0429/162621.287:INFO:CONSOLE(13)] "Loaded: file:D:/Decompression/Anylogic/Solar Panel2/3d/person.dae", source: file:///C:/Program%20Files/AnyLogic%208.9%20Personal%20Learning%20Edition/plugins/com.anylogic.graphics3d_8.9.8.202602271015/static/init.js (13)
[0429/162621.291:INFO:CONSOLE(13)] "Loaded: file:D:/Decompression/Anylogic/Solar Panel2/3d/person.dae", source: file:///C:/Program%20Files/AnyLogic%208.9%20Personal%20Learning%20Edition/plugins/com.anylogic.graphics3d_8.9.8.202602271015/static/init.js (13)
[0429/162621.292:INFO:CONSOLE(13)] "ISRGB -1 false", source: file:///C:/Program%20Files/AnyLogic%208.9%20Personal%20Learning%20Edition/plugins/com.anylogic.graphics3d_8.9.8.202602271015/static/init.js (13)
[0429/162621.292:INFO:CONSOLE(13)] "ISRGB -1 false", source: file:///C:/Program%20Files/AnyLogic%208.9%20Personal%20Learning%20Edition/plugins/com.anylogic.graphics3d_8.9.8.202602271015/static/init.js (13)
[0429/162621.292:INFO:CONSOLE(13)] "ISRGB -16777216 false", source: file:///C:/Program%20Files/AnyLogic%208.9%20Personal%20Learning%20Edition/plugins/com.anylogic.graphics3d_8.9.8.202602271015/static/init.js (13)
[0505/112107.784:INFO:CONSOLE(7)] "THREE.ColladaLoader: File version 1.4.0", source: file:///C:/Program%20Files/AnyLogic%208.9%20Personal%20Learning%20Edition/plugins/com.anylogic.graphics3d_8.9.8.202602271015/static/init.js (7)
[0505/112107.790:INFO:CONSOLE(13)] "Loaded: file:D:/GitBash/anylogic/solarpanel/CS183-T14-Project-Repository/3d/monitor_on.dae", source: file:///C:/Program%20Files/AnyLogic%208.9%20Personal%20Learning%20Edition/plugins/com.anylogic.graphics3d_8.9.8.202602271015/static/init.js (13)
[0505/112107.798:INFO:CONSOLE(13)] "Loaded: file:D:/GitBash/anylogic/solarpanel/CS183-T14-Project-Repository/3d/monitor_on.dae", source: file:///C:/Program%20Files/AnyLogic%208.9%20Personal%20Learning%20Edition/plugins/com.anylogic.graphics3d_8.9.8.202602271015/static/init.js (13)
[0505/112107.799:INFO:CONSOLE(13)] "ISRGB -4144960 false", source: file:///C:/Program%20Files/AnyLogic%208.9%20Personal%20Learning%20Edition/plugins/com.anylogic.graphics3d_8.9.8.202602271015/static/init.js (13)
[0505/112107.867:INFO:CONSOLE(13)] "Loaded: file:D:/GitBash/anylogic/solarpanel/CS183-T14-Project-Repository/3d/monitor_on.dae", source: file:///C:/Program%20Files/AnyLogic%208.9%20Personal%20Learning%20Edition/plugins/com.anylogic.graphics3d_8.9.8.202602271015/static/init.js (13)
[0505/112107.874:INFO:CONSOLE(13)] "Loaded: file:D:/GitBash/anylogic/solarpanel/CS183-T14-Project-Repository/3d/monitor_on.dae", source: file:///C:/Program%20Files/AnyLogic%208.9%20Personal%20Learning%20Edition/plugins/com.anylogic.graphics3d_8.9.8.202602271015/static/init.js (13)
[0505/112107.874:INFO:CONSOLE(13)] "ISRGB -1 false", source: file:///C:/Program%20Files/AnyLogic%208.9%20Personal%20Learning%20Edition/plugins/com.anylogic.graphics3d_8.9.8.202602271015/static/init.js (13)
[0505/112107.874:INFO:CONSOLE(13)] "ISRGB -1 false", source: file:///C:/Program%20Files/AnyLogic%208.9%20Personal%20Learning%20Edition/plugins/com.anylogic.graphics3d_8.9.8.202602271015/static/init.js (13)
[0505/112108.196:INFO:CONSOLE(7)] "THREE.ColladaLoader: File version 1.4.0", source: file:///C:/Program%20Files/AnyLogic%208.9%20Personal%20Learning%20Edition/plugins/com.anylogic.graphics3d_8.9.8.202602271015/static/init.js (7)
[0505/112108.214:INFO:CONSOLE(13)] "Loaded: file:D:/GitBash/anylogic/solarpanel/CS183-T14-Project-Repository/3d/person.dae", source: file:///C:/Program%20Files/AnyLogic%208.9%20Personal%20Learning%20Edition/plugins/com.anylogic.graphics3d_8.9.8.202602271015/static/init.js (13)
[0505/112108.217:INFO:CONSOLE(13)] "Loaded: file:D:/GitBash/anylogic/solarpanel/CS183-T14-Project-Repository/3d/person.dae", source: file:///C:/Program%20Files/AnyLogic%208.9%20Personal%20Learning%20Edition/plugins/com.anylogic.graphics3d_8.9.8.202602271015/static/init.js (13)
[0505/112108.217:INFO:CONSOLE(13)] "ISRGB -1 false", source: file:///C:/Program%20Files/AnyLogic%208.9%20Personal%20Learning%20Edition/plugins/com.anylogic.graphics3d_8.9.8.202602271015/static/init.js (13)
[0505/112108.217:INFO:CONSOLE(13)] "ISRGB -1 false", source: file:///C:/Program%20Files/AnyLogic%208.9%20Personal%20Learning%20Edition/plugins/com.anylogic.graphics3d_8.9.8.202602271015/static/init.js (13)
[0505/112108.217:INFO:CONSOLE(13)] "ISRGB -16777216 false", source: file:///C:/Program%20Files/AnyLogic%208.9%20Personal%20Learning%20Edition/plugins/com.anylogic.graphics3d_8.9.8.202602271015/static/init.js (13)
[0505/112306.256:ERROR:gpu_init.cc(523)] Passthrough is not supported, GL is disabled, ANGLE is 
[0510/202757.725:INFO:CONSOLE(7)] "THREE.ColladaLoader: File version 1.4.0", source: file:///C:/Program%20Files/AnyLogic%208.9%20Personal%20Learning%20Edition/plugins/com.anylogic.graphics3d_8.9.8.202602271015/static/init.js (7)
[0510/202757.732:INFO:CONSOLE(13)] "Loaded: file:D:/GitBash/anylogic/solarpanel/CS183-T14-Project-Repository/3d/monitor_on.dae", source: file:///C:/Program%20Files/AnyLogic%208.9%20Personal%20Learning%20Edition/plugins/com.anylogic.graphics3d_8.9.8.202602271015/static/init.js (13)
[0510/202757.741:INFO:CONSOLE(13)] "Loaded: file:D:/GitBash/anylogic/solarpanel/CS183-T14-Project-Repository/3d/monitor_on.dae", source: file:///C:/Program%20Files/AnyLogic%208.9%20Personal%20Learning%20Edition/plugins/com.anylogic.graphics3d_8.9.8.202602271015/static/init.js (13)
[0510/202757.742:INFO:CONSOLE(13)] "ISRGB -4144960 false", source: file:///C:/Program%20Files/AnyLogic%208.9%20Personal%20Learning%20Edition/plugins/com.anylogic.graphics3d_8.9.8.202602271015/static/init.js (13)
[0510/202757.819:INFO:CONSOLE(13)] "Loaded: file:D:/GitBash/anylogic/solarpanel/CS183-T14-Project-Repository/3d/monitor_on.dae", source: file:///C:/Program%20Files/AnyLogic%208.9%20Personal%20Learning%20Edition/plugins/com.anylogic.graphics3d_8.9.8.202602271015/static/init.js (13)
[0510/202757.828:INFO:CONSOLE(13)] "Loaded: file:D:/GitBash/anylogic/solarpanel/CS183-T14-Project-Repository/3d/monitor_on.dae", source: file:///C:/Program%20Files/AnyLogic%208.9%20Personal%20Learning%20Edition/plugins/com.anylogic.graphics3d_8.9.8.202602271015/static/init.js (13)
[0510/202757.828:INFO:CONSOLE(13)] "ISRGB -1 false", source: file:///C:/Program%20Files/AnyLogic%208.9%20Personal%20Learning%20Edition/plugins/com.anylogic.graphics3d_8.9.8.202602271015/static/init.js (13)
[0510/202757.828:INFO:CONSOLE(13)] "ISRGB -1 false", source: file:///C:/Program%20Files/AnyLogic%208.9%20Personal%20Learning%20Edition/plugins/com.anylogic.graphics3d_8.9.8.202602271015/static/init.js (13)
[0510/202758.209:INFO:CONSOLE(7)] "THREE.ColladaLoader: File version 1.4.0", source: file:///C:/Program%20Files/AnyLogic%208.9%20Personal%20Learning%20Edition/plugins/com.anylogic.graphics3d_8.9.8.202602271015/static/init.js (7)
[0510/202758.228:INFO:CONSOLE(13)] "Loaded: file:D:/GitBash/anylogic/solarpanel/CS183-T14-Project-Repository/3d/person.dae", source: file:///C:/Program%20Files/AnyLogic%208.9%20Personal%20Learning%20Edition/plugins/com.anylogic.graphics3d_8.9.8.202602271015/static/init.js (13)
[0510/202758.232:INFO:CONSOLE(13)] "Loaded: file:D:/GitBash/anylogic/solarpanel/CS183-T14-Project-Repository/3d/person.dae", source: file:///C:/Program%20Files/AnyLogic%208.9%20Personal%20Learning%20Edition/plugins/com.anylogic.graphics3d_8.9.8.202602271015/static/init.js (13)
[0510/202758.232:INFO:CONSOLE(13)] "ISRGB -1 false", source: file:///C:/Program%20Files/AnyLogic%208.9%20Personal%20Learning%20Edition/plugins/com.anylogic.graphics3d_8.9.8.202602271015/static/init.js (13)
[0510/202758.232:INFO:CONSOLE(13)] "ISRGB -1 false", source: file:///C:/Program%20Files/AnyLogic%208.9%20Personal%20Learning%20Edition/plugins/com.anylogic.graphics3d_8.9.8.202602271015/static/init.js (13)
[0510/202758.232:INFO:CONSOLE(13)] "ISRGB -16777216 false", source: file:///C:/Program%20Files/AnyLogic%208.9%20Personal%20Learning%20Edition/plugins/com.anylogic.graphics3d_8.9.8.202602271015/static/init.js (13)
[0510/202956.012:ERROR:gpu_init.cc(523)] Passthrough is not supported, GL is disabled, ANGLE is 
[0510/204327.871:INFO:CONSOLE(7)] "THREE.ColladaLoader: File version 1.4.0", source: file:///C:/Program%20Files/AnyLogic%208.9%20Personal%20Learning%20Edition/plugins/com.anylogic.graphics3d_8.9.8.202602271015/static/init.js (7)
[0510/204327.873:INFO:CONSOLE(13)] "Loaded: file:D:/Decompression/Anylogic/Solar Panel/3d/monitor_on.dae", source: file:///C:/Program%20Files/AnyLogic%208.9%20Personal%20Learning%20Edition/plugins/com.anylogic.graphics3d_8.9.8.202602271015/static/init.js (13)
[0510/204327.875:INFO:CONSOLE(13)] "Loaded: file:D:/Decompression/Anylogic/Solar Panel/3d/monitor_on.dae", source: file:///C:/Program%20Files/AnyLogic%208.9%20Personal%20Learning%20Edition/plugins/com.anylogic.graphics3d_8.9.8.202602271015/static/init.js (13)
[0510/204327.876:INFO:CONSOLE(13)] "ISRGB -4144960 false", source: file:///C:/Program%20Files/AnyLogic%208.9%20Personal%20Learning%20Edition/plugins/com.anylogic.graphics3d_8.9.8.202602271015/static/init.js (13)
[0510/204327.885:INFO:CONSOLE(13)] "Loaded: file:D:/Decompression/Anylogic/Solar Panel/3d/monitor_on.dae", source: file:///C:/Program%20Files/AnyLogic%208.9%20Personal%20Learning%20Edition/plugins/com.anylogic.graphics3d_8.9.8.202602271015/static/init.js (13)
[0510/204327.891:INFO:CONSOLE(13)] "Loaded: file:D:/Decompression/Anylogic/Solar Panel/3d/monitor_on.dae", source: file:///C:/Program%20Files/AnyLogic%208.9%20Personal%20Learning%20Edition/plugins/com.anylogic.graphics3d_8.9.8.202602271015/static/init.js (13)
[0510/204327.891:INFO:CONSOLE(13)] "ISRGB -1 false", source: file:///C:/Program%20Files/AnyLogic%208.9%20Personal%20Learning%20Edition/plugins/com.anylogic.graphics3d_8.9.8.202602271015/static/init.js (13)
[0510/204327.891:INFO:CONSOLE(13)] "ISRGB -1 false", source: file:///C:/Program%20Files/AnyLogic%208.9%20Personal%20Learning%20Edition/plugins/com.anylogic.graphics3d_8.9.8.202602271015/static/init.js (13)
[0510/204327.913:INFO:CONSOLE(7)] "THREE.ColladaLoader: File version 1.4.0", source: file:///C:/Program%20Files/AnyLogic%208.9%20Personal%20Learning%20Edition/plugins/com.anylogic.graphics3d_8.9.8.202602271015/static/init.js (7)
[0510/204327.926:INFO:CONSOLE(13)] "Loaded: file:D:/Decompression/Anylogic/Solar Panel/3d/person.dae", source: file:///C:/Program%20Files/AnyLogic%208.9%20Personal%20Learning%20Edition/plugins/com.anylogic.graphics3d_8.9.8.202602271015/static/init.js (13)
[0510/204327.929:INFO:CONSOLE(13)] "Loaded: file:D:/Decompression/Anylogic/Solar Panel/3d/person.dae", source: file:///C:/Program%20Files/AnyLogic%208.9%20Personal%20Learning%20Edition/plugins/com.anylogic.graphics3d_8.9.8.202602271015/static/init.js (13)
[0510/204327.929:INFO:CONSOLE(13)] "ISRGB -1 false", source: file:///C:/Program%20Files/AnyLogic%208.9%20Personal%20Learning%20Edition/plugins/com.anylogic.graphics3d_8.9.8.202602271015/static/init.js (13)
[0510/204327.929:INFO:CONSOLE(13)] "ISRGB -1 false", source: file:///C:/Program%20Files/AnyLogic%208.9%20Personal%20Learning%20Edition/plugins/com.anylogic.graphics3d_8.9.8.202602271015/static/init.js (13)
[0510/204327.929:INFO:CONSOLE(13)] "ISRGB -16777216 false", source: file:///C:/Program%20Files/AnyLogic%208.9%20Personal%20Learning%20Edition/plugins/com.anylogic.graphics3d_8.9.8.202602271015/static/init.js (13)
[0510/211320.075:INFO:CONSOLE(7)] "THREE.ColladaLoader: File version 1.4.0", source: file:///C:/Program%20Files/AnyLogic%208.9%20Personal%20Learning%20Edition/plugins/com.anylogic.graphics3d_8.9.8.202602271015/static/init.js (7)
[0510/211320.079:INFO:CONSOLE(13)] "Loaded: file:D:/GitBash/anylogic/solarpanel/CS183-T14-Project-Repository/3d/monitor_on.dae", source: file:///C:/Program%20Files/AnyLogic%208.9%20Personal%20Learning%20Edition/plugins/com.anylogic.graphics3d_8.9.8.202602271015/static/init.js (13)
[0510/211320.086:INFO:CONSOLE(13)] "Loaded: file:D:/GitBash/anylogic/solarpanel/CS183-T14-Project-Repository/3d/monitor_on.dae", source: file:///C:/Program%20Files/AnyLogic%208.9%20Personal%20Learning%20Edition/plugins/com.anylogic.graphics3d_8.9.8.202602271015/static/init.js (13)
[0510/211320.086:INFO:CONSOLE(13)] "ISRGB -4144960 false", source: file:///C:/Program%20Files/AnyLogic%208.9%20Personal%20Learning%20Edition/plugins/com.anylogic.graphics3d_8.9.8.202602271015/static/init.js (13)
[0510/211320.141:INFO:CONSOLE(13)] "Loaded: file:D:/GitBash/anylogic/solarpanel/CS183-T14-Project-Repository/3d/monitor_on.dae", source: file:///C:/Program%20Files/AnyLogic%208.9%20Personal%20Learning%20Edition/plugins/com.anylogic.graphics3d_8.9.8.202602271015/static/init.js (13)
[0510/211320.147:INFO:CONSOLE(13)] "Loaded: file:D:/GitBash/anylogic/solarpanel/CS183-T14-Project-Repository/3d/monitor_on.dae", source: file:///C:/Program%20Files/AnyLogic%208.9%20Personal%20Learning%20Edition/plugins/com.anylogic.graphics3d_8.9.8.202602271015/static/init.js (13)
[0510/211320.147:INFO:CONSOLE(13)] "ISRGB -1 false", source: file:///C:/Program%20Files/AnyLogic%208.9%20Personal%20Learning%20Edition/plugins/com.anylogic.graphics3d_8.9.8.202602271015/static/init.js (13)
[0510/211320.147:INFO:CONSOLE(13)] "ISRGB -1 false", source: file:///C:/Program%20Files/AnyLogic%208.9%20Personal%20Learning%20Edition/plugins/com.anylogic.graphics3d_8.9.8.202602271015/static/init.js (13)
[0510/211320.436:INFO:CONSOLE(7)] "THREE.ColladaLoader: File version 1.4.0", source: file:///C:/Program%20Files/AnyLogic%208.9%20Personal%20Learning%20Edition/plugins/com.anylogic.graphics3d_8.9.8.202602271015/static/init.js (7)
[0510/211320.451:INFO:CONSOLE(13)] "Loaded: file:D:/GitBash/anylogic/solarpanel/CS183-T14-Project-Repository/3d/person.dae", source: file:///C:/Program%20Files/AnyLogic%208.9%20Personal%20Learning%20Edition/plugins/com.anylogic.graphics3d_8.9.8.202602271015/static/init.js (13)
[0510/211320.455:INFO:CONSOLE(13)] "Loaded: file:D:/GitBash/anylogic/solarpanel/CS183-T14-Project-Repository/3d/person.dae", source: file:///C:/Program%20Files/AnyLogic%208.9%20Personal%20Learning%20Edition/plugins/com.anylogic.graphics3d_8.9.8.202602271015/static/init.js (13)
[0510/211320.455:INFO:CONSOLE(13)] "ISRGB -1 false", source: file:///C:/Program%20Files/AnyLogic%208.9%20Personal%20Learning%20Edition/plugins/com.anylogic.graphics3d_8.9.8.202602271015/static/init.js (13)
[0510/211320.455:INFO:CONSOLE(13)] "ISRGB -1 false", source: file:///C:/Program%20Files/AnyLogic%208.9%20Personal%20Learning%20Edition/plugins/com.anylogic.graphics3d_8.9.8.202602271015/static/init.js (13)
[0510/211320.455:INFO:CONSOLE(13)] "ISRGB -16777216 false", source: file:///C:/Program%20Files/AnyLogic%208.9%20Personal%20Learning%20Edition/plugins/com.anylogic.graphics3d_8.9.8.202602271015/static/init.js (13)
[0510/211518.744:ERROR:gpu_init.cc(523)] Passthrough is not supported, GL is disabled, ANGLE is 
[0510/214911.604:INFO:CONSOLE(7)] "THREE.ColladaLoader: File version 1.4.0", source: file:///C:/Program%20Files/AnyLogic%208.9%20Personal%20Learning%20Edition/plugins/com.anylogic.graphics3d_8.9.8.202602271015/static/init.js (7)
[0510/214911.624:INFO:CONSOLE(13)] "Loaded: file:D:/GitBash/anylogic/solarpanel/CS183-T14-Project-Repository/3d/person.dae", source: file:///C:/Program%20Files/AnyLogic%208.9%20Personal%20Learning%20Edition/plugins/com.anylogic.graphics3d_8.9.8.202602271015/static/init.js (13)
[0510/214911.680:INFO:CONSOLE(7)] "THREE.ColladaLoader: File version 1.4.0", source: file:///C:/Program%20Files/AnyLogic%208.9%20Personal%20Learning%20Edition/plugins/com.anylogic.graphics3d_8.9.8.202602271015/static/init.js (7)
[0510/214911.682:INFO:CONSOLE(13)] "Loaded: file:D:/GitBash/anylogic/solarpanel/CS183-T14-Project-Repository/3d/forklift.dae", source: file:///C:/Program%20Files/AnyLogic%208.9%20Personal%20Learning%20Edition/plugins/com.anylogic.graphics3d_8.9.8.202602271015/static/init.js (13)
[0510/214911.687:INFO:CONSOLE(13)] "Loaded: file:D:/GitBash/anylogic/solarpanel/CS183-T14-Project-Repository/3d/forklift.dae", source: file:///C:/Program%20Files/AnyLogic%208.9%20Personal%20Learning%20Edition/plugins/com.anylogic.graphics3d_8.9.8.202602271015/static/init.js (13)
[0510/215109.864:ERROR:gpu_init.cc(523)] Passthrough is not supported, GL is disabled, ANGLE is 
[0511/200744.017:INFO:CONSOLE(7)] "THREE.ColladaLoader: File version 1.4.0", source: file:///C:/Program%20Files/AnyLogic%208.9%20Personal%20Learning%20Edition/plugins/com.anylogic.graphics3d_8.9.8.202602271015/static/init.js (7)
[0511/200744.022:INFO:CONSOLE(13)] "Loaded: file:D:/GitBash/anylogic/solarpanel/CS183-T14-Project-Repository/3d/monitor_on.dae", source: file:///C:/Program%20Files/AnyLogic%208.9%20Personal%20Learning%20Edition/plugins/com.anylogic.graphics3d_8.9.8.202602271015/static/init.js (13)
[0511/200744.029:INFO:CONSOLE(13)] "Loaded: file:D:/GitBash/anylogic/solarpanel/CS183-T14-Project-Repository/3d/monitor_on.dae", source: file:///C:/Program%20Files/AnyLogic%208.9%20Personal%20Learning%20Edition/plugins/com.anylogic.graphics3d_8.9.8.202602271015/static/init.js (13)
[0511/200744.029:INFO:CONSOLE(13)] "ISRGB -4144960 false", source: file:///C:/Program%20Files/AnyLogic%208.9%20Personal%20Learning%20Edition/plugins/com.anylogic.graphics3d_8.9.8.202602271015/static/init.js (13)
[0511/200744.091:INFO:CONSOLE(13)] "Loaded: file:D:/GitBash/anylogic/solarpanel/CS183-T14-Project-Repository/3d/monitor_on.dae", source: file:///C:/Program%20Files/AnyLogic%208.9%20Personal%20Learning%20Edition/plugins/com.anylogic.graphics3d_8.9.8.202602271015/static/init.js (13)
[0511/200744.098:INFO:CONSOLE(13)] "Loaded: file:D:/GitBash/anylogic/solarpanel/CS183-T14-Project-Repository/3d/monitor_on.dae", source: file:///C:/Program%20Files/AnyLogic%208.9%20Personal%20Learning%20Edition/plugins/com.anylogic.graphics3d_8.9.8.202602271015/static/init.js (13)
[0511/200744.098:INFO:CONSOLE(13)] "ISRGB -1 false", source: file:///C:/Program%20Files/AnyLogic%208.9%20Personal%20Learning%20Edition/plugins/com.anylogic.graphics3d_8.9.8.202602271015/static/init.js (13)
[0511/200744.099:INFO:CONSOLE(13)] "ISRGB -1 false", source: file:///C:/Program%20Files/AnyLogic%208.9%20Personal%20Learning%20Edition/plugins/com.anylogic.graphics3d_8.9.8.202602271015/static/init.js (13)
[0511/200744.376:INFO:CONSOLE(7)] "THREE.ColladaLoader: File version 1.4.0", source: file:///C:/Program%20Files/AnyLogic%208.9%20Personal%20Learning%20Edition/plugins/com.anylogic.graphics3d_8.9.8.202602271015/static/init.js (7)
[0511/200744.393:INFO:CONSOLE(13)] "Loaded: file:D:/GitBash/anylogic/solarpanel/CS183-T14-Project-Repository/3d/person.dae", source: file:///C:/Program%20Files/AnyLogic%208.9%20Personal%20Learning%20Edition/plugins/com.anylogic.graphics3d_8.9.8.202602271015/static/init.js (13)
[0511/200744.396:INFO:CONSOLE(13)] "Loaded: file:D:/GitBash/anylogic/solarpanel/CS183-T14-Project-Repository/3d/person.dae", source: file:///C:/Program%20Files/AnyLogic%208.9%20Personal%20Learning%20Edition/plugins/com.anylogic.graphics3d_8.9.8.202602271015/static/init.js (13)
[0511/200744.396:INFO:CONSOLE(13)] "ISRGB -1 false", source: file:///C:/Program%20Files/AnyLogic%208.9%20Personal%20Learning%20Edition/plugins/com.anylogic.graphics3d_8.9.8.202602271015/static/init.js (13)
[0511/200744.396:INFO:CONSOLE(13)] "ISRGB -1 false", source: file:///C:/Program%20Files/AnyLogic%208.9%20Personal%20Learning%20Edition/plugins/com.anylogic.graphics3d_8.9.8.202602271015/static/init.js (13)
[0511/200744.396:INFO:CONSOLE(13)] "ISRGB -16777216 false", source: file:///C:/Program%20Files/AnyLogic%208.9%20Personal%20Learning%20Edition/plugins/com.anylogic.graphics3d_8.9.8.202602271015/static/init.js (13)
[0511/200942.613:ERROR:gpu_init.cc(523)] Passthrough is not supported, GL is disabled, ANGLE is 
[0511/202857.490:INFO:CONSOLE(7)] "THREE.ColladaLoader: File version 1.4.0", source: file:///C:/Program%20Files/AnyLogic%208.9%20Personal%20Learning%20Edition/plugins/com.anylogic.graphics3d_8.9.8.202602271015/static/init.js (7)
[0511/202857.508:INFO:CONSOLE(13)] "Loaded: file:D:/GitBash/anylogic/solarpanel/CS183-T14-Project-Repository/3d/person.dae", source: file:///C:/Program%20Files/AnyLogic%208.9%20Personal%20Learning%20Edition/plugins/com.anylogic.graphics3d_8.9.8.202602271015/static/init.js (13)
[0511/202857.559:INFO:CONSOLE(7)] "THREE.ColladaLoader: File version 1.4.0", source: file:///C:/Program%20Files/AnyLogic%208.9%20Personal%20Learning%20Edition/plugins/com.anylogic.graphics3d_8.9.8.202602271015/static/init.js (7)
[0511/202857.561:INFO:CONSOLE(13)] "Loaded: file:D:/GitBash/anylogic/solarpanel/CS183-T14-Project-Repository/3d/forklift.dae", source: file:///C:/Program%20Files/AnyLogic%208.9%20Personal%20Learning%20Edition/plugins/com.anylogic.graphics3d_8.9.8.202602271015/static/init.js (13)
[0511/202857.564:INFO:CONSOLE(13)] "Loaded: file:D:/GitBash/anylogic/solarpanel/CS183-T14-Project-Repository/3d/forklift.dae", source: file:///C:/Program%20Files/AnyLogic%208.9%20Personal%20Learning%20Edition/plugins/com.anylogic.graphics3d_8.9.8.202602271015/static/init.js (13)
[0511/203055.691:ERROR:gpu_init.cc(523)] Passthrough is not supported, GL is disabled, ANGLE is 
[0511/205755.657:INFO:CONSOLE(7)] "THREE.ColladaLoader: File version 1.4.0", source: file:///C:/Program%20Files/AnyLogic%208.9%20Personal%20Learning%20Edition/plugins/com.anylogic.graphics3d_8.9.8.202602271015/static/init.js (7)
[0511/205755.661:INFO:CONSOLE(13)] "Loaded: file:D:/Decompression/Anylogic/Solar Panel2/3d/monitor_on.dae", source: file:///C:/Program%20Files/AnyLogic%208.9%20Personal%20Learning%20Edition/plugins/com.anylogic.graphics3d_8.9.8.202602271015/static/init.js (13)
[0511/205755.665:INFO:CONSOLE(13)] "Loaded: file:D:/Decompression/Anylogic/Solar Panel2/3d/monitor_on.dae", source: file:///C:/Program%20Files/AnyLogic%208.9%20Personal%20Learning%20Edition/plugins/com.anylogic.graphics3d_8.9.8.202602271015/static/init.js (13)
[0511/205755.665:INFO:CONSOLE(13)] "ISRGB -4144960 false", source: file:///C:/Program%20Files/AnyLogic%208.9%20Personal%20Learning%20Edition/plugins/com.anylogic.graphics3d_8.9.8.202602271015/static/init.js (13)
[0511/205755.706:INFO:CONSOLE(13)] "Loaded: file:D:/Decompression/Anylogic/Solar Panel2/3d/monitor_on.dae", source: file:///C:/Program%20Files/AnyLogic%208.9%20Personal%20Learning%20Edition/plugins/com.anylogic.graphics3d_8.9.8.202602271015/static/init.js (13)
[0511/205755.711:INFO:CONSOLE(13)] "Loaded: file:D:/Decompression/Anylogic/Solar Panel2/3d/monitor_on.dae", source: file:///C:/Program%20Files/AnyLogic%208.9%20Personal%20Learning%20Edition/plugins/com.anylogic.graphics3d_8.9.8.202602271015/static/init.js (13)
[0511/205755.711:INFO:CONSOLE(13)] "ISRGB -1 false", source: file:///C:/Program%20Files/AnyLogic%208.9%20Personal%20Learning%20Edition/plugins/com.anylogic.graphics3d_8.9.8.202602271015/static/init.js (13)
[0511/205755.711:INFO:CONSOLE(13)] "ISRGB -1 false", source: file:///C:/Program%20Files/AnyLogic%208.9%20Personal%20Learning%20Edition/plugins/com.anylogic.graphics3d_8.9.8.202602271015/static/init.js (13)
[0511/205755.736:INFO:CONSOLE(7)] "THREE.ColladaLoader: File version 1.4.0", source: file:///C:/Program%20Files/AnyLogic%208.9%20Personal%20Learning%20Edition/plugins/com.anylogic.graphics3d_8.9.8.202602271015/static/init.js (7)
[0511/205755.751:INFO:CONSOLE(13)] "Loaded: file:D:/Decompression/Anylogic/Solar Panel2/3d/person.dae", source: file:///C:/Program%20Files/AnyLogic%208.9%20Personal%20Learning%20Edition/plugins/com.anylogic.graphics3d_8.9.8.202602271015/static/init.js (13)
[0511/205755.755:INFO:CONSOLE(13)] "Loaded: file:D:/Decompression/Anylogic/Solar Panel2/3d/person.dae", source: file:///C:/Program%20Files/AnyLogic%208.9%20Personal%20Learning%20Edition/plugins/com.anylogic.graphics3d_8.9.8.202602271015/static/init.js (13)
[0511/205755.756:INFO:CONSOLE(13)] "ISRGB -1 false", source: file:///C:/Program%20Files/AnyLogic%208.9%20Personal%20Learning%20Edition/plugins/com.anylogic.graphics3d_8.9.8.202602271015/static/init.js (13)
[0511/205755.756:INFO:CONSOLE(13)] "ISRGB -1 false", source: file:///C:/Program%20Files/AnyLogic%208.9%20Personal%20Learning%20Edition/plugins/com.anylogic.graphics3d_8.9.8.202602271015/static/init.js (13)
[0511/205755.756:INFO:CONSOLE(13)] "ISRGB -16777216 false", source: file:///C:/Program%20Files/AnyLogic%208.9%20Personal%20Learning%20Edition/plugins/com.anylogic.graphics3d_8.9.8.202602271015/static/init.js (13)
[0511/205954.308:ERROR:gpu_init.cc(523)] Passthrough is not supported, GL is disabled, ANGLE is 
[0511/222321.700:INFO:CONSOLE(7)] "THREE.ColladaLoader: File version 1.4.0", source: file:///C:/Program%20Files/AnyLogic%208.9%20Personal%20Learning%20Edition/plugins/com.anylogic.graphics3d_8.9.8.202602271015/static/init.js (7)
[0511/222321.704:INFO:CONSOLE(13)] "Loaded: file:D:/GitBash/anylogic/solarpanel/CS183-T14-Project-Repository/3d/monitor_on.dae", source: file:///C:/Program%20Files/AnyLogic%208.9%20Personal%20Learning%20Edition/plugins/com.anylogic.graphics3d_8.9.8.202602271015/static/init.js (13)
[0511/222321.711:INFO:CONSOLE(13)] "Loaded: file:D:/GitBash/anylogic/solarpanel/CS183-T14-Project-Repository/3d/monitor_on.dae", source: file:///C:/Program%20Files/AnyLogic%208.9%20Personal%20Learning%20Edition/plugins/com.anylogic.graphics3d_8.9.8.202602271015/static/init.js (13)
[0511/222321.711:INFO:CONSOLE(13)] "ISRGB -4144960 false", source: file:///C:/Program%20Files/AnyLogic%208.9%20Personal%20Learning%20Edition/plugins/com.anylogic.graphics3d_8.9.8.202602271015/static/init.js (13)
[0511/222321.769:INFO:CONSOLE(13)] "Loaded: file:D:/GitBash/anylogic/solarpanel/CS183-T14-Project-Repository/3d/monitor_on.dae", source: file:///C:/Program%20Files/AnyLogic%208.9%20Personal%20Learning%20Edition/plugins/com.anylogic.graphics3d_8.9.8.202602271015/static/init.js (13)
[0511/222321.776:INFO:CONSOLE(13)] "Loaded: file:D:/GitBash/anylogic/solarpanel/CS183-T14-Project-Repository/3d/monitor_on.dae", source: file:///C:/Program%20Files/AnyLogic%208.9%20Personal%20Learning%20Edition/plugins/com.anylogic.graphics3d_8.9.8.202602271015/static/init.js (13)
[0511/222321.776:INFO:CONSOLE(13)] "ISRGB -1 false", source: file:///C:/Program%20Files/AnyLogic%208.9%20Personal%20Learning%20Edition/plugins/com.anylogic.graphics3d_8.9.8.202602271015/static/init.js (13)
[0511/222321.776:INFO:CONSOLE(13)] "ISRGB -1 false", source: file:///C:/Program%20Files/AnyLogic%208.9%20Personal%20Learning%20Edition/plugins/com.anylogic.graphics3d_8.9.8.202602271015/static/init.js (13)
[0511/222322.073:INFO:CONSOLE(7)] "THREE.ColladaLoader: File version 1.4.0", source: file:///C:/Program%20Files/AnyLogic%208.9%20Personal%20Learning%20Edition/plugins/com.anylogic.graphics3d_8.9.8.202602271015/static/init.js (7)
[0511/222322.088:INFO:CONSOLE(13)] "Loaded: file:D:/GitBash/anylogic/solarpanel/CS183-T14-Project-Repository/3d/person.dae", source: file:///C:/Program%20Files/AnyLogic%208.9%20Personal%20Learning%20Edition/plugins/com.anylogic.graphics3d_8.9.8.202602271015/static/init.js (13)
[0511/222322.091:INFO:CONSOLE(13)] "Loaded: file:D:/GitBash/anylogic/solarpanel/CS183-T14-Project-Repository/3d/person.dae", source: file:///C:/Program%20Files/AnyLogic%208.9%20Personal%20Learning%20Edition/plugins/com.anylogic.graphics3d_8.9.8.202602271015/static/init.js (13)
[0511/222322.091:INFO:CONSOLE(13)] "ISRGB -1 false", source: file:///C:/Program%20Files/AnyLogic%208.9%20Personal%20Learning%20Edition/plugins/com.anylogic.graphics3d_8.9.8.202602271015/static/init.js (13)
[0511/222322.091:INFO:CONSOLE(13)] "ISRGB -1 false", source: file:///C:/Program%20Files/AnyLogic%208.9%20Personal%20Learning%20Edition/plugins/com.anylogic.graphics3d_8.9.8.202602271015/static/init.js (13)
[0511/222322.091:INFO:CONSOLE(13)] "ISRGB -16777216 false", source: file:///C:/Program%20Files/AnyLogic%208.9%20Personal%20Learning%20Edition/plugins/com.anylogic.graphics3d_8.9.8.202602271015/static/init.js (13)
[0511/222536.167:INFO:CONSOLE(7)] "THREE.ColladaLoader: File version 1.4.0", source: file:///C:/Program%20Files/AnyLogic%208.9%20Personal%20Learning%20Edition/plugins/com.anylogic.graphics3d_8.9.8.202602271015/static/init.js (7)
[0511/222536.172:INFO:CONSOLE(13)] "Loaded: file:D:/GitBash/anylogic/solarpanel/CS183-T14-Project-Repository/3d/monitor_on.dae", source: file:///C:/Program%20Files/AnyLogic%208.9%20Personal%20Learning%20Edition/plugins/com.anylogic.graphics3d_8.9.8.202602271015/static/init.js (13)
[0511/222536.176:INFO:CONSOLE(13)] "Loaded: file:D:/GitBash/anylogic/solarpanel/CS183-T14-Project-Repository/3d/monitor_on.dae", source: file:///C:/Program%20Files/AnyLogic%208.9%20Personal%20Learning%20Edition/plugins/com.anylogic.graphics3d_8.9.8.202602271015/static/init.js (13)
[0511/222536.176:INFO:CONSOLE(13)] "ISRGB -4144960 false", source: file:///C:/Program%20Files/AnyLogic%208.9%20Personal%20Learning%20Edition/plugins/com.anylogic.graphics3d_8.9.8.202602271015/static/init.js (13)
[0511/222536.232:INFO:CONSOLE(13)] "Loaded: file:D:/GitBash/anylogic/solarpanel/CS183-T14-Project-Repository/3d/monitor_on.dae", source: file:///C:/Program%20Files/AnyLogic%208.9%20Personal%20Learning%20Edition/plugins/com.anylogic.graphics3d_8.9.8.202602271015/static/init.js (13)
[0511/222536.238:INFO:CONSOLE(13)] "Loaded: file:D:/GitBash/anylogic/solarpanel/CS183-T14-Project-Repository/3d/monitor_on.dae", source: file:///C:/Program%20Files/AnyLogic%208.9%20Personal%20Learning%20Edition/plugins/com.anylogic.graphics3d_8.9.8.202602271015/static/init.js (13)
[0511/222536.238:INFO:CONSOLE(13)] "ISRGB -1 false", source: file:///C:/Program%20Files/AnyLogic%208.9%20Personal%20Learning%20Edition/plugins/com.anylogic.graphics3d_8.9.8.202602271015/static/init.js (13)
[0511/222536.238:INFO:CONSOLE(13)] "ISRGB -1 false", source: file:///C:/Program%20Files/AnyLogic%208.9%20Personal%20Learning%20Edition/plugins/com.anylogic.graphics3d_8.9.8.202602271015/static/init.js (13)
[0511/222536.510:INFO:CONSOLE(7)] "THREE.ColladaLoader: File version 1.4.0", source: file:///C:/Program%20Files/AnyLogic%208.9%20Personal%20Learning%20Edition/plugins/com.anylogic.graphics3d_8.9.8.202602271015/static/init.js (7)
[0511/222536.525:INFO:CONSOLE(13)] "Loaded: file:D:/GitBash/anylogic/solarpanel/CS183-T14-Project-Repository/3d/person.dae", source: file:///C:/Program%20Files/AnyLogic%208.9%20Personal%20Learning%20Edition/plugins/com.anylogic.graphics3d_8.9.8.202602271015/static/init.js (13)
[0511/222536.529:INFO:CONSOLE(13)] "Loaded: file:D:/GitBash/anylogic/solarpanel/CS183-T14-Project-Repository/3d/person.dae", source: file:///C:/Program%20Files/AnyLogic%208.9%20Personal%20Learning%20Edition/plugins/com.anylogic.graphics3d_8.9.8.202602271015/static/init.js (13)
[0511/222536.529:INFO:CONSOLE(13)] "ISRGB -1 false", source: file:///C:/Program%20Files/AnyLogic%208.9%20Personal%20Learning%20Edition/plugins/com.anylogic.graphics3d_8.9.8.202602271015/static/init.js (13)
[0511/222536.529:INFO:CONSOLE(13)] "ISRGB -1 false", source: file:///C:/Program%20Files/AnyLogic%208.9%20Personal%20Learning%20Edition/plugins/com.anylogic.graphics3d_8.9.8.202602271015/static/init.js (13)
[0511/222536.529:INFO:CONSOLE(13)] "ISRGB -16777216 false", source: file:///C:/Program%20Files/AnyLogic%208.9%20Personal%20Learning%20Edition/plugins/com.anylogic.graphics3d_8.9.8.202602271015/static/init.js (13)
[0511/222545.594:INFO:CONSOLE(13)] "Loaded: file:D:/GitBash/anylogic/solarpanel/CS183-T14-Project-Repository/3d/person.dae", source: file:///C:/Program%20Files/AnyLogic%208.9%20Personal%20Learning%20Edition/plugins/com.anylogic.graphics3d_8.9.8.202602271015/static/init.js (13)
[0511/222545.614:INFO:CONSOLE(7)] "THREE.ColladaLoader: File version 1.4.0", source: file:///C:/Program%20Files/AnyLogic%208.9%20Personal%20Learning%20Edition/plugins/com.anylogic.graphics3d_8.9.8.202602271015/static/init.js (7)
[0511/222545.617:INFO:CONSOLE(13)] "Loaded: file:D:/GitBash/anylogic/solarpanel/CS183-T14-Project-Repository/3d/forklift.dae", source: file:///C:/Program%20Files/AnyLogic%208.9%20Personal%20Learning%20Edition/plugins/com.anylogic.graphics3d_8.9.8.202602271015/static/init.js (13)
[0511/222545.621:INFO:CONSOLE(13)] "Loaded: file:D:/GitBash/anylogic/solarpanel/CS183-T14-Project-Repository/3d/forklift.dae", source: file:///C:/Program%20Files/AnyLogic%208.9%20Personal%20Learning%20Edition/plugins/com.anylogic.graphics3d_8.9.8.202602271015/static/init.js (13)
[0511/222734.828:ERROR:gpu_init.cc(523)] Passthrough is not supported, GL is disabled, ANGLE is 
[0511/222736.303:INFO:CONSOLE(7)] "THREE.ColladaLoader: File version 1.4.0", source: file:///C:/Program%20Files/AnyLogic%208.9%20Personal%20Learning%20Edition/plugins/com.anylogic.graphics3d_8.9.8.202602271015/static/init.js (7)
[0511/222736.308:INFO:CONSOLE(13)] "Loaded: file:D:/GitBash/anylogic/solarpanel/CS183-T14-Project-Repository/3d/monitor_on.dae", source: file:///C:/Program%20Files/AnyLogic%208.9%20Personal%20Learning%20Edition/plugins/com.anylogic.graphics3d_8.9.8.202602271015/static/init.js (13)
[0511/222736.313:INFO:CONSOLE(13)] "Loaded: file:D:/GitBash/anylogic/solarpanel/CS183-T14-Project-Repository/3d/monitor_on.dae", source: file:///C:/Program%20Files/AnyLogic%208.9%20Personal%20Learning%20Edition/plugins/com.anylogic.graphics3d_8.9.8.202602271015/static/init.js (13)
[0511/222736.313:INFO:CONSOLE(13)] "ISRGB -4144960 false", source: file:///C:/Program%20Files/AnyLogic%208.9%20Personal%20Learning%20Edition/plugins/com.anylogic.graphics3d_8.9.8.202602271015/static/init.js (13)
[0511/222736.365:INFO:CONSOLE(13)] "Loaded: file:D:/GitBash/anylogic/solarpanel/CS183-T14-Project-Repository/3d/monitor_on.dae", source: file:///C:/Program%20Files/AnyLogic%208.9%20Personal%20Learning%20Edition/plugins/com.anylogic.graphics3d_8.9.8.202602271015/static/init.js (13)
[0511/222736.372:INFO:CONSOLE(13)] "Loaded: file:D:/GitBash/anylogic/solarpanel/CS183-T14-Project-Repository/3d/monitor_on.dae", source: file:///C:/Program%20Files/AnyLogic%208.9%20Personal%20Learning%20Edition/plugins/com.anylogic.graphics3d_8.9.8.202602271015/static/init.js (13)
[0511/222736.372:INFO:CONSOLE(13)] "ISRGB -1 false", source: file:///C:/Program%20Files/AnyLogic%208.9%20Personal%20Learning%20Edition/plugins/com.anylogic.graphics3d_8.9.8.202602271015/static/init.js (13)
[0511/222736.372:INFO:CONSOLE(13)] "ISRGB -1 false", source: file:///C:/Program%20Files/AnyLogic%208.9%20Personal%20Learning%20Edition/plugins/com.anylogic.graphics3d_8.9.8.202602271015/static/init.js (13)
[0511/222736.650:INFO:CONSOLE(7)] "THREE.ColladaLoader: File version 1.4.0", source: file:///C:/Program%20Files/AnyLogic%208.9%20Personal%20Learning%20Edition/plugins/com.anylogic.graphics3d_8.9.8.202602271015/static/init.js (7)
[0511/222736.666:INFO:CONSOLE(13)] "Loaded: file:D:/GitBash/anylogic/solarpanel/CS183-T14-Project-Repository/3d/person.dae", source: file:///C:/Program%20Files/AnyLogic%208.9%20Personal%20Learning%20Edition/plugins/com.anylogic.graphics3d_8.9.8.202602271015/static/init.js (13)
[0511/222736.670:INFO:CONSOLE(13)] "Loaded: file:D:/GitBash/anylogic/solarpanel/CS183-T14-Project-Repository/3d/person.dae", source: file:///C:/Program%20Files/AnyLogic%208.9%20Personal%20Learning%20Edition/plugins/com.anylogic.graphics3d_8.9.8.202602271015/static/init.js (13)
[0511/222736.670:INFO:CONSOLE(13)] "ISRGB -1 false", source: file:///C:/Program%20Files/AnyLogic%208.9%20Personal%20Learning%20Edition/plugins/com.anylogic.graphics3d_8.9.8.202602271015/static/init.js (13)
[0511/222736.670:INFO:CONSOLE(13)] "ISRGB -1 false", source: file:///C:/Program%20Files/AnyLogic%208.9%20Personal%20Learning%20Edition/plugins/com.anylogic.graphics3d_8.9.8.202602271015/static/init.js (13)
[0511/222736.670:INFO:CONSOLE(13)] "ISRGB -16777216 false", source: file:///C:/Program%20Files/AnyLogic%208.9%20Personal%20Learning%20Edition/plugins/com.anylogic.graphics3d_8.9.8.202602271015/static/init.js (13)
[0511/222909.175:INFO:CONSOLE(13)] "Loaded: file:D:/GitBash/anylogic/solarpanel/CS183-T14-Project-Repository/3d/person.dae", source: file:///C:/Program%20Files/AnyLogic%208.9%20Personal%20Learning%20Edition/plugins/com.anylogic.graphics3d_8.9.8.202602271015/static/init.js (13)
[0511/222909.198:INFO:CONSOLE(7)] "THREE.ColladaLoader: File version 1.4.0", source: file:///C:/Program%20Files/AnyLogic%208.9%20Personal%20Learning%20Edition/plugins/com.anylogic.graphics3d_8.9.8.202602271015/static/init.js (7)
[0511/222909.204:INFO:CONSOLE(13)] "Loaded: file:D:/GitBash/anylogic/solarpanel/CS183-T14-Project-Repository/3d/forklift.dae", source: file:///C:/Program%20Files/AnyLogic%208.9%20Personal%20Learning%20Edition/plugins/com.anylogic.graphics3d_8.9.8.202602271015/static/init.js (13)
[0511/222909.208:INFO:CONSOLE(13)] "Loaded: file:D:/GitBash/anylogic/solarpanel/CS183-T14-Project-Repository/3d/forklift.dae", source: file:///C:/Program%20Files/AnyLogic%208.9%20Personal%20Learning%20Edition/plugins/com.anylogic.graphics3d_8.9.8.202602271015/static/init.js (13)
[0511/222934.914:ERROR:gpu_init.cc(523)] Passthrough is not supported, GL is disabled, ANGLE is 
[0511/223049.749:INFO:CONSOLE(7)] "THREE.ColladaLoader: File version 1.4.0", source: file:///C:/Program%20Files/AnyLogic%208.9%20Personal%20Learning%20Edition/plugins/com.anylogic.graphics3d_8.9.8.202602271015/static/init.js (7)
[0511/223049.754:INFO:CONSOLE(13)] "Loaded: file:D:/GitBash/anylogic/solarpanel/CS183-T14-Project-Repository/3d/monitor_on.dae", source: file:///C:/Program%20Files/AnyLogic%208.9%20Personal%20Learning%20Edition/plugins/com.anylogic.graphics3d_8.9.8.202602271015/static/init.js (13)
[0511/223049.758:INFO:CONSOLE(13)] "Loaded: file:D:/GitBash/anylogic/solarpanel/CS183-T14-Project-Repository/3d/monitor_on.dae", source: file:///C:/Program%20Files/AnyLogic%208.9%20Personal%20Learning%20Edition/plugins/com.anylogic.graphics3d_8.9.8.202602271015/static/init.js (13)
[0511/223049.758:INFO:CONSOLE(13)] "ISRGB -4144960 false", source: file:///C:/Program%20Files/AnyLogic%208.9%20Personal%20Learning%20Edition/plugins/com.anylogic.graphics3d_8.9.8.202602271015/static/init.js (13)
[0511/223049.809:INFO:CONSOLE(13)] "Loaded: file:D:/GitBash/anylogic/solarpanel/CS183-T14-Project-Repository/3d/monitor_on.dae", source: file:///C:/Program%20Files/AnyLogic%208.9%20Personal%20Learning%20Edition/plugins/com.anylogic.graphics3d_8.9.8.202602271015/static/init.js (13)
[0511/223049.815:INFO:CONSOLE(13)] "Loaded: file:D:/GitBash/anylogic/solarpanel/CS183-T14-Project-Repository/3d/monitor_on.dae", source: file:///C:/Program%20Files/AnyLogic%208.9%20Personal%20Learning%20Edition/plugins/com.anylogic.graphics3d_8.9.8.202602271015/static/init.js (13)
[0511/223049.816:INFO:CONSOLE(13)] "ISRGB -1 false", source: file:///C:/Program%20Files/AnyLogic%208.9%20Personal%20Learning%20Edition/plugins/com.anylogic.graphics3d_8.9.8.202602271015/static/init.js (13)
[0511/223049.816:INFO:CONSOLE(13)] "ISRGB -1 false", source: file:///C:/Program%20Files/AnyLogic%208.9%20Personal%20Learning%20Edition/plugins/com.anylogic.graphics3d_8.9.8.202602271015/static/init.js (13)
[0511/223050.094:INFO:CONSOLE(7)] "THREE.ColladaLoader: File version 1.4.0", source: file:///C:/Program%20Files/AnyLogic%208.9%20Personal%20Learning%20Edition/plugins/com.anylogic.graphics3d_8.9.8.202602271015/static/init.js (7)
[0511/223050.110:INFO:CONSOLE(13)] "Loaded: file:D:/GitBash/anylogic/solarpanel/CS183-T14-Project-Repository/3d/person.dae", source: file:///C:/Program%20Files/AnyLogic%208.9%20Personal%20Learning%20Edition/plugins/com.anylogic.graphics3d_8.9.8.202602271015/static/init.js (13)
[0511/223050.113:INFO:CONSOLE(13)] "Loaded: file:D:/GitBash/anylogic/solarpanel/CS183-T14-Project-Repository/3d/person.dae", source: file:///C:/Program%20Files/AnyLogic%208.9%20Personal%20Learning%20Edition/plugins/com.anylogic.graphics3d_8.9.8.202602271015/static/init.js (13)
[0511/223050.113:INFO:CONSOLE(13)] "ISRGB -1 false", source: file:///C:/Program%20Files/AnyLogic%208.9%20Personal%20Learning%20Edition/plugins/com.anylogic.graphics3d_8.9.8.202602271015/static/init.js (13)
[0511/223050.113:INFO:CONSOLE(13)] "ISRGB -1 false", source: file:///C:/Program%20Files/AnyLogic%208.9%20Personal%20Learning%20Edition/plugins/com.anylogic.graphics3d_8.9.8.202602271015/static/init.js (13)
[0511/223050.113:INFO:CONSOLE(13)] "ISRGB -16777216 false", source: file:///C:/Program%20Files/AnyLogic%208.9%20Personal%20Learning%20Edition/plugins/com.anylogic.graphics3d_8.9.8.202602271015/static/init.js (13)
2026/5/13/23：12
env cannot be resolved
The method receive(Object) from the type Agent is deprecated
The method receive(Object) from the type Agent is deprecated
The method receive(Object) from the type Agent is deprecated
The method receive(Object) from the type Agent is deprecated
The method receive(Object) from the type Agent is deprecated
The method receive(Object) from the type Agent is deprecated
currentAlTime cannot be resolved to a variable
env cannot be resolved to a variable

C:\Users\ydj>pip install numpy scikit-learn skl2onnx onnx
Requirement already satisfied (use --upgrade to upgrade): numpy in c:\anaconda\lib\site-packages
Requirement already satisfied (use --upgrade to upgrade): scikit-learn in c:\anaconda\lib\site-packages
Downloading/unpacking skl2onnx
  Cannot fetch index base URL http://pypi.python.org/simple/
  Could not find any downloads that satisfy the requirement skl2onnx
No distributions at all found for skl2onnx
Storing complete log in C:\Users\ydj\pip\pip.log


Material Handling Library in Anylogic Personal Learning Edition allows simulation of 5 hours only. Please specify simulation stop time.

[0519/185117.002:INFO:CONSOLE(7)] "THREE.ColladaLoader: File version 1.4.0", source: file:///C:/Program%20Files/AnyLogic%208.9%20Personal%20Learning%20Edition/plugins/com.anylogic.graphics3d_8.9.8.202602271015/static/init.js (7)
[0519/185117.008:INFO:CONSOLE(13)] "Loaded: file:D:/GitBash/anylogic/solarpanel/CS183-T14-Project-Repository/3d/monitor_on.dae", source: file:///C:/Program%20Files/AnyLogic%208.9%20Personal%20Learning%20Edition/plugins/com.anylogic.graphics3d_8.9.8.202602271015/static/init.js (13)
[0519/185117.017:INFO:CONSOLE(13)] "Loaded: file:D:/GitBash/anylogic/solarpanel/CS183-T14-Project-Repository/3d/monitor_on.dae", source: file:///C:/Program%20Files/AnyLogic%208.9%20Personal%20Learning%20Edition/plugins/com.anylogic.graphics3d_8.9.8.202602271015/static/init.js (13)
[0519/185117.018:INFO:CONSOLE(13)] "ISRGB -4144960 false", source: file:///C:/Program%20Files/AnyLogic%208.9%20Personal%20Learning%20Edition/plugins/com.anylogic.graphics3d_8.9.8.202602271015/static/init.js (13)
[0519/185117.090:INFO:CONSOLE(13)] "Loaded: file:D:/GitBash/anylogic/solarpanel/CS183-T14-Project-Repository/3d/monitor_on.dae", source: file:///C:/Program%20Files/AnyLogic%208.9%20Personal%20Learning%20Edition/plugins/com.anylogic.graphics3d_8.9.8.202602271015/static/init.js (13)
[0519/185117.098:INFO:CONSOLE(13)] "Loaded: file:D:/GitBash/anylogic/solarpanel/CS183-T14-Project-Repository/3d/monitor_on.dae", source: file:///C:/Program%20Files/AnyLogic%208.9%20Personal%20Learning%20Edition/plugins/com.anylogic.graphics3d_8.9.8.202602271015/static/init.js (13)
[0519/185117.098:INFO:CONSOLE(13)] "ISRGB -1 false", source: file:///C:/Program%20Files/AnyLogic%208.9%20Personal%20Learning%20Edition/plugins/com.anylogic.graphics3d_8.9.8.202602271015/static/init.js (13)
[0519/185117.098:INFO:CONSOLE(13)] "ISRGB -1 false", source: file:///C:/Program%20Files/AnyLogic%208.9%20Personal%20Learning%20Edition/plugins/com.anylogic.graphics3d_8.9.8.202602271015/static/init.js (13)
[0519/185117.423:INFO:CONSOLE(7)] "THREE.ColladaLoader: File version 1.4.0", source: file:///C:/Program%20Files/AnyLogic%208.9%20Personal%20Learning%20Edition/plugins/com.anylogic.graphics3d_8.9.8.202602271015/static/init.js (7)
[0519/185117.439:INFO:CONSOLE(13)] "Loaded: file:D:/GitBash/anylogic/solarpanel/CS183-T14-Project-Repository/3d/person.dae", source: file:///C:/Program%20Files/AnyLogic%208.9%20Personal%20Learning%20Edition/plugins/com.anylogic.graphics3d_8.9.8.202602271015/static/init.js (13)
[0519/185117.443:INFO:CONSOLE(13)] "Loaded: file:D:/GitBash/anylogic/solarpanel/CS183-T14-Project-Repository/3d/person.dae", source: file:///C:/Program%20Files/AnyLogic%208.9%20Personal%20Learning%20Edition/plugins/com.anylogic.graphics3d_8.9.8.202602271015/static/init.js (13)
[0519/185117.443:INFO:CONSOLE(13)] "ISRGB -1 false", source: file:///C:/Program%20Files/AnyLogic%208.9%20Personal%20Learning%20Edition/plugins/com.anylogic.graphics3d_8.9.8.202602271015/static/init.js (13)
[0519/185117.443:INFO:CONSOLE(13)] "ISRGB -1 false", source: file:///C:/Program%20Files/AnyLogic%208.9%20Personal%20Learning%20Edition/plugins/com.anylogic.graphics3d_8.9.8.202602271015/static/init.js (13)
[0519/185117.443:INFO:CONSOLE(13)] "ISRGB -16777216 false", source: file:///C:/Program%20Files/AnyLogic%208.9%20Personal%20Learning%20Edition/plugins/com.anylogic.graphics3d_8.9.8.202602271015/static/init.js (13)
[0519/185255.554:INFO:CONSOLE(7)] "THREE.ColladaLoader: File version 1.4.0", source: file:///C:/Program%20Files/AnyLogic%208.9%20Personal%20Learning%20Edition/plugins/com.anylogic.graphics3d_8.9.8.202602271015/static/init.js (7)
[0519/185255.560:INFO:CONSOLE(13)] "Loaded: file:D:/GitBash/anylogic/solarpanel/CS183-T14-Project-Repository/3d/monitor_on.dae", source: file:///C:/Program%20Files/AnyLogic%208.9%20Personal%20Learning%20Edition/plugins/com.anylogic.graphics3d_8.9.8.202602271015/static/init.js (13)
[0519/185255.565:INFO:CONSOLE(13)] "Loaded: file:D:/GitBash/anylogic/solarpanel/CS183-T14-Project-Repository/3d/monitor_on.dae", source: file:///C:/Program%20Files/AnyLogic%208.9%20Personal%20Learning%20Edition/plugins/com.anylogic.graphics3d_8.9.8.202602271015/static/init.js (13)
[0519/185255.565:INFO:CONSOLE(13)] "ISRGB -4144960 false", source: file:///C:/Program%20Files/AnyLogic%208.9%20Personal%20Learning%20Edition/plugins/com.anylogic.graphics3d_8.9.8.202602271015/static/init.js (13)
[0519/185255.621:INFO:CONSOLE(13)] "Loaded: file:D:/GitBash/anylogic/solarpanel/CS183-T14-Project-Repository/3d/monitor_on.dae", source: file:///C:/Program%20Files/AnyLogic%208.9%20Personal%20Learning%20Edition/plugins/com.anylogic.graphics3d_8.9.8.202602271015/static/init.js (13)
[0519/185255.629:INFO:CONSOLE(13)] "Loaded: file:D:/GitBash/anylogic/solarpanel/CS183-T14-Project-Repository/3d/monitor_on.dae", source: file:///C:/Program%20Files/AnyLogic%208.9%20Personal%20Learning%20Edition/plugins/com.anylogic.graphics3d_8.9.8.202602271015/static/init.js (13)
[0519/185255.629:INFO:CONSOLE(13)] "ISRGB -1 false", source: file:///C:/Program%20Files/AnyLogic%208.9%20Personal%20Learning%20Edition/plugins/com.anylogic.graphics3d_8.9.8.202602271015/static/init.js (13)
[0519/185255.629:INFO:CONSOLE(13)] "ISRGB -1 false", source: file:///C:/Program%20Files/AnyLogic%208.9%20Personal%20Learning%20Edition/plugins/com.anylogic.graphics3d_8.9.8.202602271015/static/init.js (13)
[0519/185255.914:INFO:CONSOLE(7)] "THREE.ColladaLoader: File version 1.4.0", source: file:///C:/Program%20Files/AnyLogic%208.9%20Personal%20Learning%20Edition/plugins/com.anylogic.graphics3d_8.9.8.202602271015/static/init.js (7)
[0519/185255.930:INFO:CONSOLE(13)] "Loaded: file:D:/GitBash/anylogic/solarpanel/CS183-T14-Project-Repository/3d/person.dae", source: file:///C:/Program%20Files/AnyLogic%208.9%20Personal%20Learning%20Edition/plugins/com.anylogic.graphics3d_8.9.8.202602271015/static/init.js (13)
[0519/185255.934:INFO:CONSOLE(13)] "Loaded: file:D:/GitBash/anylogic/solarpanel/CS183-T14-Project-Repository/3d/person.dae", source: file:///C:/Program%20Files/AnyLogic%208.9%20Personal%20Learning%20Edition/plugins/com.anylogic.graphics3d_8.9.8.202602271015/static/init.js (13)
[0519/185255.934:INFO:CONSOLE(13)] "ISRGB -1 false", source: file:///C:/Program%20Files/AnyLogic%208.9%20Personal%20Learning%20Edition/plugins/com.anylogic.graphics3d_8.9.8.202602271015/static/init.js (13)
[0519/185255.934:INFO:CONSOLE(13)] "ISRGB -1 false", source: file:///C:/Program%20Files/AnyLogic%208.9%20Personal%20Learning%20Edition/plugins/com.anylogic.graphics3d_8.9.8.202602271015/static/init.js (13)
[0519/185255.934:INFO:CONSOLE(13)] "ISRGB -16777216 false", source: file:///C:/Program%20Files/AnyLogic%208.9%20Personal%20Learning%20Edition/plugins/com.anylogic.graphics3d_8.9.8.202602271015/static/init.js (13)
[0519/185315.486:ERROR:gpu_init.cc(523)] Passthrough is not supported, GL is disabled, ANGLE is 
[0519/185454.142:ERROR:gpu_init.cc(523)] Passthrough is not supported, GL is disabled, ANGLE is 
[0529/084031.517:INFO:CONSOLE(7)] "THREE.ColladaLoader: File version 1.4.0", source: file:///C:/Program%20Files/AnyLogic%208.9%20Personal%20Learning%20Edition/plugins/com.anylogic.graphics3d_8.9.8.202602271015/static/init.js (7)
[0529/084031.522:INFO:CONSOLE(13)] "Loaded: file:D:/GitBash/anylogic/solarpanel/CS183-T14-Project-Repository/3d/monitor_on.dae", source: file:///C:/Program%20Files/AnyLogic%208.9%20Personal%20Learning%20Edition/plugins/com.anylogic.graphics3d_8.9.8.202602271015/static/init.js (13)
[0529/084031.530:INFO:CONSOLE(13)] "Loaded: file:D:/GitBash/anylogic/solarpanel/CS183-T14-Project-Repository/3d/monitor_on.dae", source: file:///C:/Program%20Files/AnyLogic%208.9%20Personal%20Learning%20Edition/plugins/com.anylogic.graphics3d_8.9.8.202602271015/static/init.js (13)
[0529/084031.530:INFO:CONSOLE(13)] "ISRGB -4144960 false", source: file:///C:/Program%20Files/AnyLogic%208.9%20Personal%20Learning%20Edition/plugins/com.anylogic.graphics3d_8.9.8.202602271015/static/init.js (13)
[0529/084031.594:INFO:CONSOLE(13)] "Loaded: file:D:/GitBash/anylogic/solarpanel/CS183-T14-Project-Repository/3d/monitor_on.dae", source: file:///C:/Program%20Files/AnyLogic%208.9%20Personal%20Learning%20Edition/plugins/com.anylogic.graphics3d_8.9.8.202602271015/static/init.js (13)
[0529/084031.602:INFO:CONSOLE(13)] "Loaded: file:D:/GitBash/anylogic/solarpanel/CS183-T14-Project-Repository/3d/monitor_on.dae", source: file:///C:/Program%20Files/AnyLogic%208.9%20Personal%20Learning%20Edition/plugins/com.anylogic.graphics3d_8.9.8.202602271015/static/init.js (13)
[0529/084031.602:INFO:CONSOLE(13)] "ISRGB -1 false", source: file:///C:/Program%20Files/AnyLogic%208.9%20Personal%20Learning%20Edition/plugins/com.anylogic.graphics3d_8.9.8.202602271015/static/init.js (13)
[0529/084031.602:INFO:CONSOLE(13)] "ISRGB -1 false", source: file:///C:/Program%20Files/AnyLogic%208.9%20Personal%20Learning%20Edition/plugins/com.anylogic.graphics3d_8.9.8.202602271015/static/init.js (13)
[0529/084031.912:INFO:CONSOLE(7)] "THREE.ColladaLoader: File version 1.4.0", source: file:///C:/Program%20Files/AnyLogic%208.9%20Personal%20Learning%20Edition/plugins/com.anylogic.graphics3d_8.9.8.202602271015/static/init.js (7)
[0529/084031.929:INFO:CONSOLE(13)] "Loaded: file:D:/GitBash/anylogic/solarpanel/CS183-T14-Project-Repository/3d/person.dae", source: file:///C:/Program%20Files/AnyLogic%208.9%20Personal%20Learning%20Edition/plugins/com.anylogic.graphics3d_8.9.8.202602271015/static/init.js (13)
[0529/084031.932:INFO:CONSOLE(13)] "Loaded: file:D:/GitBash/anylogic/solarpanel/CS183-T14-Project-Repository/3d/person.dae", source: file:///C:/Program%20Files/AnyLogic%208.9%20Personal%20Learning%20Edition/plugins/com.anylogic.graphics3d_8.9.8.202602271015/static/init.js (13)
[0529/084031.932:INFO:CONSOLE(13)] "ISRGB -1 false", source: file:///C:/Program%20Files/AnyLogic%208.9%20Personal%20Learning%20Edition/plugins/com.anylogic.graphics3d_8.9.8.202602271015/static/init.js (13)
[0529/084031.932:INFO:CONSOLE(13)] "ISRGB -1 false", source: file:///C:/Program%20Files/AnyLogic%208.9%20Personal%20Learning%20Edition/plugins/com.anylogic.graphics3d_8.9.8.202602271015/static/init.js (13)
[0529/084031.932:INFO:CONSOLE(13)] "ISRGB -16777216 false", source: file:///C:/Program%20Files/AnyLogic%208.9%20Personal%20Learning%20Edition/plugins/com.anylogic.graphics3d_8.9.8.202602271015/static/init.js (13)
[0529/084125.923:INFO:CONSOLE(7)] "THREE.ColladaLoader: File version 1.4.0", source: file:///C:/Program%20Files/AnyLogic%208.9%20Personal%20Learning%20Edition/plugins/com.anylogic.graphics3d_8.9.8.202602271015/static/init.js (7)
[0529/084125.927:INFO:CONSOLE(13)] "Loaded: file:D:/GitBash/anylogic/solarpanel/CS183-T14-Project-Repository/3d/monitor_on.dae", source: file:///C:/Program%20Files/AnyLogic%208.9%20Personal%20Learning%20Edition/plugins/com.anylogic.graphics3d_8.9.8.202602271015/static/init.js (13)
[0529/084125.934:INFO:CONSOLE(13)] "Loaded: file:D:/GitBash/anylogic/solarpanel/CS183-T14-Project-Repository/3d/monitor_on.dae", source: file:///C:/Program%20Files/AnyLogic%208.9%20Personal%20Learning%20Edition/plugins/com.anylogic.graphics3d_8.9.8.202602271015/static/init.js (13)
[0529/084125.934:INFO:CONSOLE(13)] "ISRGB -4144960 false", source: file:///C:/Program%20Files/AnyLogic%208.9%20Personal%20Learning%20Edition/plugins/com.anylogic.graphics3d_8.9.8.202602271015/static/init.js (13)
[0529/084125.991:INFO:CONSOLE(13)] "Loaded: file:D:/GitBash/anylogic/solarpanel/CS183-T14-Project-Repository/3d/monitor_on.dae", source: file:///C:/Program%20Files/AnyLogic%208.9%20Personal%20Learning%20Edition/plugins/com.anylogic.graphics3d_8.9.8.202602271015/static/init.js (13)
[0529/084125.998:INFO:CONSOLE(13)] "Loaded: file:D:/GitBash/anylogic/solarpanel/CS183-T14-Project-Repository/3d/monitor_on.dae", source: file:///C:/Program%20Files/AnyLogic%208.9%20Personal%20Learning%20Edition/plugins/com.anylogic.graphics3d_8.9.8.202602271015/static/init.js (13)
[0529/084125.998:INFO:CONSOLE(13)] "ISRGB -1 false", source: file:///C:/Program%20Files/AnyLogic%208.9%20Personal%20Learning%20Edition/plugins/com.anylogic.graphics3d_8.9.8.202602271015/static/init.js (13)
[0529/084125.998:INFO:CONSOLE(13)] "ISRGB -1 false", source: file:///C:/Program%20Files/AnyLogic%208.9%20Personal%20Learning%20Edition/plugins/com.anylogic.graphics3d_8.9.8.202602271015/static/init.js (13)
[0529/084126.289:INFO:CONSOLE(7)] "THREE.ColladaLoader: File version 1.4.0", source: file:///C:/Program%20Files/AnyLogic%208.9%20Personal%20Learning%20Edition/plugins/com.anylogic.graphics3d_8.9.8.202602271015/static/init.js (7)
[0529/084126.307:INFO:CONSOLE(13)] "Loaded: file:D:/GitBash/anylogic/solarpanel/CS183-T14-Project-Repository/3d/person.dae", source: file:///C:/Program%20Files/AnyLogic%208.9%20Personal%20Learning%20Edition/plugins/com.anylogic.graphics3d_8.9.8.202602271015/static/init.js (13)
[0529/084126.311:INFO:CONSOLE(13)] "Loaded: file:D:/GitBash/anylogic/solarpanel/CS183-T14-Project-Repository/3d/person.dae", source: file:///C:/Program%20Files/AnyLogic%208.9%20Personal%20Learning%20Edition/plugins/com.anylogic.graphics3d_8.9.8.202602271015/static/init.js (13)
[0529/084126.311:INFO:CONSOLE(13)] "ISRGB -1 false", source: file:///C:/Program%20Files/AnyLogic%208.9%20Personal%20Learning%20Edition/plugins/com.anylogic.graphics3d_8.9.8.202602271015/static/init.js (13)
[0529/084126.311:INFO:CONSOLE(13)] "ISRGB -1 false", source: file:///C:/Program%20Files/AnyLogic%208.9%20Personal%20Learning%20Edition/plugins/com.anylogic.graphics3d_8.9.8.202602271015/static/init.js (13)
[0529/084126.311:INFO:CONSOLE(13)] "ISRGB -16777216 false", source: file:///C:/Program%20Files/AnyLogic%208.9%20Personal%20Learning%20Edition/plugins/com.anylogic.graphics3d_8.9.8.202602271015/static/init.js (13)
[0529/084226.471:INFO:CONSOLE(7)] "THREE.ColladaLoader: File version 1.4.0", source: file:///C:/Program%20Files/AnyLogic%208.9%20Personal%20Learning%20Edition/plugins/com.anylogic.graphics3d_8.9.8.202602271015/static/init.js (7)
[0529/084226.474:INFO:CONSOLE(13)] "Loaded: file:D:/GitBash/anylogic/solarpanel/CS183-T14-Project-Repository/3d/monitor_on.dae", source: file:///C:/Program%20Files/AnyLogic%208.9%20Personal%20Learning%20Edition/plugins/com.anylogic.graphics3d_8.9.8.202602271015/static/init.js (13)
[0529/084226.481:INFO:CONSOLE(13)] "Loaded: file:D:/GitBash/anylogic/solarpanel/CS183-T14-Project-Repository/3d/monitor_on.dae", source: file:///C:/Program%20Files/AnyLogic%208.9%20Personal%20Learning%20Edition/plugins/com.anylogic.graphics3d_8.9.8.202602271015/static/init.js (13)
[0529/084226.481:INFO:CONSOLE(13)] "ISRGB -4144960 false", source: file:///C:/Program%20Files/AnyLogic%208.9%20Personal%20Learning%20Edition/plugins/com.anylogic.graphics3d_8.9.8.202602271015/static/init.js (13)
[0529/084226.539:INFO:CONSOLE(13)] "Loaded: file:D:/GitBash/anylogic/solarpanel/CS183-T14-Project-Repository/3d/monitor_on.dae", source: file:///C:/Program%20Files/AnyLogic%208.9%20Personal%20Learning%20Edition/plugins/com.anylogic.graphics3d_8.9.8.202602271015/static/init.js (13)
[0529/084226.546:INFO:CONSOLE(13)] "Loaded: file:D:/GitBash/anylogic/solarpanel/CS183-T14-Project-Repository/3d/monitor_on.dae", source: file:///C:/Program%20Files/AnyLogic%208.9%20Personal%20Learning%20Edition/plugins/com.anylogic.graphics3d_8.9.8.202602271015/static/init.js (13)
[0529/084226.546:INFO:CONSOLE(13)] "ISRGB -1 false", source: file:///C:/Program%20Files/AnyLogic%208.9%20Personal%20Learning%20Edition/plugins/com.anylogic.graphics3d_8.9.8.202602271015/static/init.js (13)
[0529/084226.546:INFO:CONSOLE(13)] "ISRGB -1 false", source: file:///C:/Program%20Files/AnyLogic%208.9%20Personal%20Learning%20Edition/plugins/com.anylogic.graphics3d_8.9.8.202602271015/static/init.js (13)
[0529/084226.847:INFO:CONSOLE(7)] "THREE.ColladaLoader: File version 1.4.0", source: file:///C:/Program%20Files/AnyLogic%208.9%20Personal%20Learning%20Edition/plugins/com.anylogic.graphics3d_8.9.8.202602271015/static/init.js (7)
[0529/084226.863:INFO:CONSOLE(13)] "Loaded: file:D:/GitBash/anylogic/solarpanel/CS183-T14-Project-Repository/3d/person.dae", source: file:///C:/Program%20Files/AnyLogic%208.9%20Personal%20Learning%20Edition/plugins/com.anylogic.graphics3d_8.9.8.202602271015/static/init.js (13)
[0529/084226.866:INFO:CONSOLE(13)] "Loaded: file:D:/GitBash/anylogic/solarpanel/CS183-T14-Project-Repository/3d/person.dae", source: file:///C:/Program%20Files/AnyLogic%208.9%20Personal%20Learning%20Edition/plugins/com.anylogic.graphics3d_8.9.8.202602271015/static/init.js (13)
[0529/084226.866:INFO:CONSOLE(13)] "ISRGB -1 false", source: file:///C:/Program%20Files/AnyLogic%208.9%20Personal%20Learning%20Edition/plugins/com.anylogic.graphics3d_8.9.8.202602271015/static/init.js (13)
[0529/084226.866:INFO:CONSOLE(13)] "ISRGB -1 false", source: file:///C:/Program%20Files/AnyLogic%208.9%20Personal%20Learning%20Edition/plugins/com.anylogic.graphics3d_8.9.8.202602271015/static/init.js (13)
[0529/084226.867:INFO:CONSOLE(13)] "ISRGB -16777216 false", source: file:///C:/Program%20Files/AnyLogic%208.9%20Personal%20Learning%20Edition/plugins/com.anylogic.graphics3d_8.9.8.202602271015/static/init.js (13)
[0529/084425.139:ERROR:gpu_init.cc(523)] Passthrough is not supported, GL is disabled, ANGLE is 
[0529/194010.451:INFO:CONSOLE(7)] "THREE.ColladaLoader: File version 1.4.0", source: file:///C:/Program%20Files/AnyLogic%208.9%20Personal%20Learning%20Edition/plugins/com.anylogic.graphics3d_8.9.8.202602271015/static/init.js (7)
[0529/194010.456:INFO:CONSOLE(13)] "Loaded: file:D:/GitBash/anylogic/solarpanel/CS183-T14-Project-Repository/3d/monitor_on.dae", source: file:///C:/Program%20Files/AnyLogic%208.9%20Personal%20Learning%20Edition/plugins/com.anylogic.graphics3d_8.9.8.202602271015/static/init.js (13)
[0529/194010.463:INFO:CONSOLE(13)] "Loaded: file:D:/GitBash/anylogic/solarpanel/CS183-T14-Project-Repository/3d/monitor_on.dae", source: file:///C:/Program%20Files/AnyLogic%208.9%20Personal%20Learning%20Edition/plugins/com.anylogic.graphics3d_8.9.8.202602271015/static/init.js (13)
[0529/194010.464:INFO:CONSOLE(13)] "ISRGB -4144960 false", source: file:///C:/Program%20Files/AnyLogic%208.9%20Personal%20Learning%20Edition/plugins/com.anylogic.graphics3d_8.9.8.202602271015/static/init.js (13)
[0529/194010.531:INFO:CONSOLE(13)] "Loaded: file:D:/GitBash/anylogic/solarpanel/CS183-T14-Project-Repository/3d/monitor_on.dae", source: file:///C:/Program%20Files/AnyLogic%208.9%20Personal%20Learning%20Edition/plugins/com.anylogic.graphics3d_8.9.8.202602271015/static/init.js (13)
[0529/194010.537:INFO:CONSOLE(13)] "Loaded: file:D:/GitBash/anylogic/solarpanel/CS183-T14-Project-Repository/3d/monitor_on.dae", source: file:///C:/Program%20Files/AnyLogic%208.9%20Personal%20Learning%20Edition/plugins/com.anylogic.graphics3d_8.9.8.202602271015/static/init.js (13)
[0529/194010.537:INFO:CONSOLE(13)] "ISRGB -1 false", source: file:///C:/Program%20Files/AnyLogic%208.9%20Personal%20Learning%20Edition/plugins/com.anylogic.graphics3d_8.9.8.202602271015/static/init.js (13)
[0529/194010.537:INFO:CONSOLE(13)] "ISRGB -1 false", source: file:///C:/Program%20Files/AnyLogic%208.9%20Personal%20Learning%20Edition/plugins/com.anylogic.graphics3d_8.9.8.202602271015/static/init.js (13)
[0529/194010.881:INFO:CONSOLE(7)] "THREE.ColladaLoader: File version 1.4.0", source: file:///C:/Program%20Files/AnyLogic%208.9%20Personal%20Learning%20Edition/plugins/com.anylogic.graphics3d_8.9.8.202602271015/static/init.js (7)
[0529/194010.901:INFO:CONSOLE(13)] "Loaded: file:D:/GitBash/anylogic/solarpanel/CS183-T14-Project-Repository/3d/person.dae", source: file:///C:/Program%20Files/AnyLogic%208.9%20Personal%20Learning%20Edition/plugins/com.anylogic.graphics3d_8.9.8.202602271015/static/init.js (13)
[0529/194010.905:INFO:CONSOLE(13)] "Loaded: file:D:/GitBash/anylogic/solarpanel/CS183-T14-Project-Repository/3d/person.dae", source: file:///C:/Program%20Files/AnyLogic%208.9%20Personal%20Learning%20Edition/plugins/com.anylogic.graphics3d_8.9.8.202602271015/static/init.js (13)
[0529/194010.905:INFO:CONSOLE(13)] "ISRGB -1 false", source: file:///C:/Program%20Files/AnyLogic%208.9%20Personal%20Learning%20Edition/plugins/com.anylogic.graphics3d_8.9.8.202602271015/static/init.js (13)
[0529/194010.905:INFO:CONSOLE(13)] "ISRGB -1 false", source: file:///C:/Program%20Files/AnyLogic%208.9%20Personal%20Learning%20Edition/plugins/com.anylogic.graphics3d_8.9.8.202602271015/static/init.js (13)
[0529/194010.905:INFO:CONSOLE(13)] "ISRGB -16777216 false", source: file:///C:/Program%20Files/AnyLogic%208.9%20Personal%20Learning%20Edition/plugins/com.anylogic.graphics3d_8.9.8.202602271015/static/init.js (13)
[0529/194105.095:INFO:CONSOLE(7)] "THREE.ColladaLoader: File version 1.4.0", source: file:///C:/Program%20Files/AnyLogic%208.9%20Personal%20Learning%20Edition/plugins/com.anylogic.graphics3d_8.9.8.202602271015/static/init.js (7)
[0529/194105.101:INFO:CONSOLE(13)] "Loaded: file:D:/GitBash/anylogic/solarpanel/CS183-T14-Project-Repository/3d/monitor_on.dae", source: file:///C:/Program%20Files/AnyLogic%208.9%20Personal%20Learning%20Edition/plugins/com.anylogic.graphics3d_8.9.8.202602271015/static/init.js (13)
[0529/194105.107:INFO:CONSOLE(13)] "Loaded: file:D:/GitBash/anylogic/solarpanel/CS183-T14-Project-Repository/3d/monitor_on.dae", source: file:///C:/Program%20Files/AnyLogic%208.9%20Personal%20Learning%20Edition/plugins/com.anylogic.graphics3d_8.9.8.202602271015/static/init.js (13)
[0529/194105.107:INFO:CONSOLE(13)] "ISRGB -4144960 false", source: file:///C:/Program%20Files/AnyLogic%208.9%20Personal%20Learning%20Edition/plugins/com.anylogic.graphics3d_8.9.8.202602271015/static/init.js (13)
[0529/194105.160:INFO:CONSOLE(13)] "Loaded: file:D:/GitBash/anylogic/solarpanel/CS183-T14-Project-Repository/3d/monitor_on.dae", source: file:///C:/Program%20Files/AnyLogic%208.9%20Personal%20Learning%20Edition/plugins/com.anylogic.graphics3d_8.9.8.202602271015/static/init.js (13)
[0529/194105.166:INFO:CONSOLE(13)] "Loaded: file:D:/GitBash/anylogic/solarpanel/CS183-T14-Project-Repository/3d/monitor_on.dae", source: file:///C:/Program%20Files/AnyLogic%208.9%20Personal%20Learning%20Edition/plugins/com.anylogic.graphics3d_8.9.8.202602271015/static/init.js (13)
[0529/194105.167:INFO:CONSOLE(13)] "ISRGB -1 false", source: file:///C:/Program%20Files/AnyLogic%208.9%20Personal%20Learning%20Edition/plugins/com.anylogic.graphics3d_8.9.8.202602271015/static/init.js (13)
[0529/194105.167:INFO:CONSOLE(13)] "ISRGB -1 false", source: file:///C:/Program%20Files/AnyLogic%208.9%20Personal%20Learning%20Edition/plugins/com.anylogic.graphics3d_8.9.8.202602271015/static/init.js (13)
[0529/194105.451:INFO:CONSOLE(7)] "THREE.ColladaLoader: File version 1.4.0", source: file:///C:/Program%20Files/AnyLogic%208.9%20Personal%20Learning%20Edition/plugins/com.anylogic.graphics3d_8.9.8.202602271015/static/init.js (7)
[0529/194105.466:INFO:CONSOLE(13)] "Loaded: file:D:/GitBash/anylogic/solarpanel/CS183-T14-Project-Repository/3d/person.dae", source: file:///C:/Program%20Files/AnyLogic%208.9%20Personal%20Learning%20Edition/plugins/com.anylogic.graphics3d_8.9.8.202602271015/static/init.js (13)
[0529/194105.469:INFO:CONSOLE(13)] "Loaded: file:D:/GitBash/anylogic/solarpanel/CS183-T14-Project-Repository/3d/person.dae", source: file:///C:/Program%20Files/AnyLogic%208.9%20Personal%20Learning%20Edition/plugins/com.anylogic.graphics3d_8.9.8.202602271015/static/init.js (13)
[0529/194105.469:INFO:CONSOLE(13)] "ISRGB -1 false", source: file:///C:/Program%20Files/AnyLogic%208.9%20Personal%20Learning%20Edition/plugins/com.anylogic.graphics3d_8.9.8.202602271015/static/init.js (13)
[0529/194105.469:INFO:CONSOLE(13)] "ISRGB -1 false", source: file:///C:/Program%20Files/AnyLogic%208.9%20Personal%20Learning%20Edition/plugins/com.anylogic.graphics3d_8.9.8.202602271015/static/init.js (13)
[0529/194105.469:INFO:CONSOLE(13)] "ISRGB -16777216 false", source: file:///C:/Program%20Files/AnyLogic%208.9%20Personal%20Learning%20Edition/plugins/com.anylogic.graphics3d_8.9.8.202602271015/static/init.js (13)
[0529/194253.642:INFO:CONSOLE(7)] "THREE.ColladaLoader: File version 1.4.0", source: file:///C:/Program%20Files/AnyLogic%208.9%20Personal%20Learning%20Edition/plugins/com.anylogic.graphics3d_8.9.8.202602271015/static/init.js (7)
[0529/194253.648:INFO:CONSOLE(13)] "Loaded: file:D:/GitBash/anylogic/solarpanel/CS183-T14-Project-Repository/3d/monitor_on.dae", source: file:///C:/Program%20Files/AnyLogic%208.9%20Personal%20Learning%20Edition/plugins/com.anylogic.graphics3d_8.9.8.202602271015/static/init.js (13)
[0529/194253.654:INFO:CONSOLE(13)] "Loaded: file:D:/GitBash/anylogic/solarpanel/CS183-T14-Project-Repository/3d/monitor_on.dae", source: file:///C:/Program%20Files/AnyLogic%208.9%20Personal%20Learning%20Edition/plugins/com.anylogic.graphics3d_8.9.8.202602271015/static/init.js (13)
[0529/194253.654:INFO:CONSOLE(13)] "ISRGB -4144960 false", source: file:///C:/Program%20Files/AnyLogic%208.9%20Personal%20Learning%20Edition/plugins/com.anylogic.graphics3d_8.9.8.202602271015/static/init.js (13)
[0529/194253.713:INFO:CONSOLE(13)] "Loaded: file:D:/GitBash/anylogic/solarpanel/CS183-T14-Project-Repository/3d/monitor_on.dae", source: file:///C:/Program%20Files/AnyLogic%208.9%20Personal%20Learning%20Edition/plugins/com.anylogic.graphics3d_8.9.8.202602271015/static/init.js (13)
[0529/194253.719:INFO:CONSOLE(13)] "Loaded: file:D:/GitBash/anylogic/solarpanel/CS183-T14-Project-Repository/3d/monitor_on.dae", source: file:///C:/Program%20Files/AnyLogic%208.9%20Personal%20Learning%20Edition/plugins/com.anylogic.graphics3d_8.9.8.202602271015/static/init.js (13)
[0529/194253.719:INFO:CONSOLE(13)] "ISRGB -1 false", source: file:///C:/Program%20Files/AnyLogic%208.9%20Personal%20Learning%20Edition/plugins/com.anylogic.graphics3d_8.9.8.202602271015/static/init.js (13)
[0529/194253.719:INFO:CONSOLE(13)] "ISRGB -1 false", source: file:///C:/Program%20Files/AnyLogic%208.9%20Personal%20Learning%20Edition/plugins/com.anylogic.graphics3d_8.9.8.202602271015/static/init.js (13)
[0529/194254.129:INFO:CONSOLE(7)] "THREE.ColladaLoader: File version 1.4.0", source: file:///C:/Program%20Files/AnyLogic%208.9%20Personal%20Learning%20Edition/plugins/com.anylogic.graphics3d_8.9.8.202602271015/static/init.js (7)
[0529/194254.147:INFO:CONSOLE(13)] "Loaded: file:D:/GitBash/anylogic/solarpanel/CS183-T14-Project-Repository/3d/person.dae", source: file:///C:/Program%20Files/AnyLogic%208.9%20Personal%20Learning%20Edition/plugins/com.anylogic.graphics3d_8.9.8.202602271015/static/init.js (13)
[0529/194254.152:INFO:CONSOLE(13)] "Loaded: file:D:/GitBash/anylogic/solarpanel/CS183-T14-Project-Repository/3d/person.dae", source: file:///C:/Program%20Files/AnyLogic%208.9%20Personal%20Learning%20Edition/plugins/com.anylogic.graphics3d_8.9.8.202602271015/static/init.js (13)
[0529/194254.152:INFO:CONSOLE(13)] "ISRGB -1 false", source: file:///C:/Program%20Files/AnyLogic%208.9%20Personal%20Learning%20Edition/plugins/com.anylogic.graphics3d_8.9.8.202602271015/static/init.js (13)
[0529/194254.152:INFO:CONSOLE(13)] "ISRGB -1 false", source: file:///C:/Program%20Files/AnyLogic%208.9%20Personal%20Learning%20Edition/plugins/com.anylogic.graphics3d_8.9.8.202602271015/static/init.js (13)
[0529/194254.152:INFO:CONSOLE(13)] "ISRGB -16777216 false", source: file:///C:/Program%20Files/AnyLogic%208.9%20Personal%20Learning%20Edition/plugins/com.anylogic.graphics3d_8.9.8.202602271015/static/init.js (13)
[0529/194423.793:INFO:CONSOLE(7)] "THREE.ColladaLoader: File version 1.4.0", source: file:///C:/Program%20Files/AnyLogic%208.9%20Personal%20Learning%20Edition/plugins/com.anylogic.graphics3d_8.9.8.202602271015/static/init.js (7)
[0529/194423.795:INFO:CONSOLE(13)] "Loaded: file:D:/Decompression/Anylogic/CS183-T14-Project-Repository-buffer_feature/3d/monitor_on.dae", source: file:///C:/Program%20Files/AnyLogic%208.9%20Personal%20Learning%20Edition/plugins/com.anylogic.graphics3d_8.9.8.202602271015/static/init.js (13)
[0529/194423.798:INFO:CONSOLE(13)] "Loaded: file:D:/Decompression/Anylogic/CS183-T14-Project-Repository-buffer_feature/3d/monitor_on.dae", source: file:///C:/Program%20Files/AnyLogic%208.9%20Personal%20Learning%20Edition/plugins/com.anylogic.graphics3d_8.9.8.202602271015/static/init.js (13)
[0529/194423.798:INFO:CONSOLE(13)] "ISRGB -4144960 false", source: file:///C:/Program%20Files/AnyLogic%208.9%20Personal%20Learning%20Edition/plugins/com.anylogic.graphics3d_8.9.8.202602271015/static/init.js (13)
[0529/194423.806:INFO:CONSOLE(13)] "Loaded: file:D:/Decompression/Anylogic/CS183-T14-Project-Repository-buffer_feature/3d/monitor_on.dae", source: file:///C:/Program%20Files/AnyLogic%208.9%20Personal%20Learning%20Edition/plugins/com.anylogic.graphics3d_8.9.8.202602271015/static/init.js (13)
[0529/194423.816:INFO:CONSOLE(13)] "Loaded: file:D:/Decompression/Anylogic/CS183-T14-Project-Repository-buffer_feature/3d/monitor_on.dae", source: file:///C:/Program%20Files/AnyLogic%208.9%20Personal%20Learning%20Edition/plugins/com.anylogic.graphics3d_8.9.8.202602271015/static/init.js (13)
[0529/194423.816:INFO:CONSOLE(13)] "ISRGB -1 false", source: file:///C:/Program%20Files/AnyLogic%208.9%20Personal%20Learning%20Edition/plugins/com.anylogic.graphics3d_8.9.8.202602271015/static/init.js (13)
[0529/194423.816:INFO:CONSOLE(13)] "ISRGB -1 false", source: file:///C:/Program%20Files/AnyLogic%208.9%20Personal%20Learning%20Edition/plugins/com.anylogic.graphics3d_8.9.8.202602271015/static/init.js (13)
[0529/194423.839:INFO:CONSOLE(7)] "THREE.ColladaLoader: File version 1.4.0", source: file:///C:/Program%20Files/AnyLogic%208.9%20Personal%20Learning%20Edition/plugins/com.anylogic.graphics3d_8.9.8.202602271015/static/init.js (7)
[0529/194423.851:INFO:CONSOLE(13)] "Loaded: file:D:/Decompression/Anylogic/CS183-T14-Project-Repository-buffer_feature/3d/person.dae", source: file:///C:/Program%20Files/AnyLogic%208.9%20Personal%20Learning%20Edition/plugins/com.anylogic.graphics3d_8.9.8.202602271015/static/init.js (13)
[0529/194423.854:INFO:CONSOLE(13)] "Loaded: file:D:/Decompression/Anylogic/CS183-T14-Project-Repository-buffer_feature/3d/person.dae", source: file:///C:/Program%20Files/AnyLogic%208.9%20Personal%20Learning%20Edition/plugins/com.anylogic.graphics3d_8.9.8.202602271015/static/init.js (13)
[0529/194423.854:INFO:CONSOLE(13)] "ISRGB -1 false", source: file:///C:/Program%20Files/AnyLogic%208.9%20Personal%20Learning%20Edition/plugins/com.anylogic.graphics3d_8.9.8.202602271015/static/init.js (13)
[0529/194423.854:INFO:CONSOLE(13)] "ISRGB -1 false", source: file:///C:/Program%20Files/AnyLogic%208.9%20Personal%20Learning%20Edition/plugins/com.anylogic.graphics3d_8.9.8.202602271015/static/init.js (13)
[0529/194423.854:INFO:CONSOLE(13)] "ISRGB -16777216 false", source: file:///C:/Program%20Files/AnyLogic%208.9%20Personal%20Learning%20Edition/plugins/com.anylogic.graphics3d_8.9.8.202602271015/static/init.js (13)
[0529/194452.237:ERROR:gpu_init.cc(523)] Passthrough is not supported, GL is disabled, ANGLE is 
[0529/204204.749:INFO:CONSOLE(7)] "THREE.ColladaLoader: File version 1.4.0", source: file:///C:/Program%20Files/AnyLogic%208.9%20Personal%20Learning%20Edition/plugins/com.anylogic.graphics3d_8.9.8.202602271015/static/init.js (7)
[0529/204204.755:INFO:CONSOLE(13)] "Loaded: file:D:/GitBash/anylogic/solarpanel/CS183-T14-Project-Repository/3d/monitor_on.dae", source: file:///C:/Program%20Files/AnyLogic%208.9%20Personal%20Learning%20Edition/plugins/com.anylogic.graphics3d_8.9.8.202602271015/static/init.js (13)
[0529/204204.763:INFO:CONSOLE(13)] "Loaded: file:D:/GitBash/anylogic/solarpanel/CS183-T14-Project-Repository/3d/monitor_on.dae", source: file:///C:/Program%20Files/AnyLogic%208.9%20Personal%20Learning%20Edition/plugins/com.anylogic.graphics3d_8.9.8.202602271015/static/init.js (13)
[0529/204204.764:INFO:CONSOLE(13)] "ISRGB -4144960 false", source: file:///C:/Program%20Files/AnyLogic%208.9%20Personal%20Learning%20Edition/plugins/com.anylogic.graphics3d_8.9.8.202602271015/static/init.js (13)
[0529/204204.836:INFO:CONSOLE(13)] "Loaded: file:D:/GitBash/anylogic/solarpanel/CS183-T14-Project-Repository/3d/monitor_on.dae", source: file:///C:/Program%20Files/AnyLogic%208.9%20Personal%20Learning%20Edition/plugins/com.anylogic.graphics3d_8.9.8.202602271015/static/init.js (13)
[0529/204204.844:INFO:CONSOLE(13)] "Loaded: file:D:/GitBash/anylogic/solarpanel/CS183-T14-Project-Repository/3d/monitor_on.dae", source: file:///C:/Program%20Files/AnyLogic%208.9%20Personal%20Learning%20Edition/plugins/com.anylogic.graphics3d_8.9.8.202602271015/static/init.js (13)
[0529/204204.844:INFO:CONSOLE(13)] "ISRGB -1 false", source: file:///C:/Program%20Files/AnyLogic%208.9%20Personal%20Learning%20Edition/plugins/com.anylogic.graphics3d_8.9.8.202602271015/static/init.js (13)
[0529/204204.844:INFO:CONSOLE(13)] "ISRGB -1 false", source: file:///C:/Program%20Files/AnyLogic%208.9%20Personal%20Learning%20Edition/plugins/com.anylogic.graphics3d_8.9.8.202602271015/static/init.js (13)
[0529/204205.188:INFO:CONSOLE(7)] "THREE.ColladaLoader: File version 1.4.0", source: file:///C:/Program%20Files/AnyLogic%208.9%20Personal%20Learning%20Edition/plugins/com.anylogic.graphics3d_8.9.8.202602271015/static/init.js (7)
[0529/204205.207:INFO:CONSOLE(13)] "Loaded: file:D:/GitBash/anylogic/solarpanel/CS183-T14-Project-Repository/3d/person.dae", source: file:///C:/Program%20Files/AnyLogic%208.9%20Personal%20Learning%20Edition/plugins/com.anylogic.graphics3d_8.9.8.202602271015/static/init.js (13)
[0529/204205.211:INFO:CONSOLE(13)] "Loaded: file:D:/GitBash/anylogic/solarpanel/CS183-T14-Project-Repository/3d/person.dae", source: file:///C:/Program%20Files/AnyLogic%208.9%20Personal%20Learning%20Edition/plugins/com.anylogic.graphics3d_8.9.8.202602271015/static/init.js (13)
[0529/204205.211:INFO:CONSOLE(13)] "ISRGB -1 false", source: file:///C:/Program%20Files/AnyLogic%208.9%20Personal%20Learning%20Edition/plugins/com.anylogic.graphics3d_8.9.8.202602271015/static/init.js (13)
[0529/204205.211:INFO:CONSOLE(13)] "ISRGB -1 false", source: file:///C:/Program%20Files/AnyLogic%208.9%20Personal%20Learning%20Edition/plugins/com.anylogic.graphics3d_8.9.8.202602271015/static/init.js (13)
[0529/204205.211:INFO:CONSOLE(13)] "ISRGB -16777216 false", source: file:///C:/Program%20Files/AnyLogic%208.9%20Personal%20Learning%20Edition/plugins/com.anylogic.graphics3d_8.9.8.202602271015/static/init.js (13)
[0529/221100.110:INFO:CONSOLE(7)] "THREE.ColladaLoader: File version 1.4.0", source: file:///C:/Program%20Files/AnyLogic%208.9%20Personal%20Learning%20Edition/plugins/com.anylogic.graphics3d_8.9.8.202602271015/static/init.js (7)
[0529/221100.116:INFO:CONSOLE(13)] "Loaded: file:D:/GitBash/anylogic/solarpanel/CS183-T14-Project-Repository/3d/monitor_on.dae", source: file:///C:/Program%20Files/AnyLogic%208.9%20Personal%20Learning%20Edition/plugins/com.anylogic.graphics3d_8.9.8.202602271015/static/init.js (13)
[0529/221100.126:INFO:CONSOLE(13)] "Loaded: file:D:/GitBash/anylogic/solarpanel/CS183-T14-Project-Repository/3d/monitor_on.dae", source: file:///C:/Program%20Files/AnyLogic%208.9%20Personal%20Learning%20Edition/plugins/com.anylogic.graphics3d_8.9.8.202602271015/static/init.js (13)
[0529/221100.126:INFO:CONSOLE(13)] "ISRGB -4144960 false", source: file:///C:/Program%20Files/AnyLogic%208.9%20Personal%20Learning%20Edition/plugins/com.anylogic.graphics3d_8.9.8.202602271015/static/init.js (13)
[0529/221100.185:INFO:CONSOLE(13)] "Loaded: file:D:/GitBash/anylogic/solarpanel/CS183-T14-Project-Repository/3d/monitor_on.dae", source: file:///C:/Program%20Files/AnyLogic%208.9%20Personal%20Learning%20Edition/plugins/com.anylogic.graphics3d_8.9.8.202602271015/static/init.js (13)
[0529/221100.191:INFO:CONSOLE(13)] "Loaded: file:D:/GitBash/anylogic/solarpanel/CS183-T14-Project-Repository/3d/monitor_on.dae", source: file:///C:/Program%20Files/AnyLogic%208.9%20Personal%20Learning%20Edition/plugins/com.anylogic.graphics3d_8.9.8.202602271015/static/init.js (13)
[0529/221100.191:INFO:CONSOLE(13)] "ISRGB -1 false", source: file:///C:/Program%20Files/AnyLogic%208.9%20Personal%20Learning%20Edition/plugins/com.anylogic.graphics3d_8.9.8.202602271015/static/init.js (13)
[0529/221100.191:INFO:CONSOLE(13)] "ISRGB -1 false", source: file:///C:/Program%20Files/AnyLogic%208.9%20Personal%20Learning%20Edition/plugins/com.anylogic.graphics3d_8.9.8.202602271015/static/init.js (13)
[0529/221100.518:INFO:CONSOLE(7)] "THREE.ColladaLoader: File version 1.4.0", source: file:///C:/Program%20Files/AnyLogic%208.9%20Personal%20Learning%20Edition/plugins/com.anylogic.graphics3d_8.9.8.202602271015/static/init.js (7)
[0529/221100.535:INFO:CONSOLE(13)] "Loaded: file:D:/GitBash/anylogic/solarpanel/CS183-T14-Project-Repository/3d/person.dae", source: file:///C:/Program%20Files/AnyLogic%208.9%20Personal%20Learning%20Edition/plugins/com.anylogic.graphics3d_8.9.8.202602271015/static/init.js (13)
[0529/221100.538:INFO:CONSOLE(13)] "Loaded: file:D:/GitBash/anylogic/solarpanel/CS183-T14-Project-Repository/3d/person.dae", source: file:///C:/Program%20Files/AnyLogic%208.9%20Personal%20Learning%20Edition/plugins/com.anylogic.graphics3d_8.9.8.202602271015/static/init.js (13)
[0529/221100.538:INFO:CONSOLE(13)] "ISRGB -1 false", source: file:///C:/Program%20Files/AnyLogic%208.9%20Personal%20Learning%20Edition/plugins/com.anylogic.graphics3d_8.9.8.202602271015/static/init.js (13)
[0529/221100.538:INFO:CONSOLE(13)] "ISRGB -1 false", source: file:///C:/Program%20Files/AnyLogic%208.9%20Personal%20Learning%20Edition/plugins/com.anylogic.graphics3d_8.9.8.202602271015/static/init.js (13)
[0529/221100.538:INFO:CONSOLE(13)] "ISRGB -16777216 false", source: file:///C:/Program%20Files/AnyLogic%208.9%20Personal%20Learning%20Edition/plugins/com.anylogic.graphics3d_8.9.8.202602271015/static/init.js (13)
[0529/221217.351:INFO:CONSOLE(7)] "THREE.ColladaLoader: File version 1.4.0", source: file:///C:/Program%20Files/AnyLogic%208.9%20Personal%20Learning%20Edition/plugins/com.anylogic.graphics3d_8.9.8.202602271015/static/init.js (7)
[0529/221217.354:INFO:CONSOLE(13)] "Loaded: file:D:/Decompression/Anylogic/CS183-T14-Project-Repository-main/3d/monitor_on.dae", source: file:///C:/Program%20Files/AnyLogic%208.9%20Personal%20Learning%20Edition/plugins/com.anylogic.graphics3d_8.9.8.202602271015/static/init.js (13)
[0529/221217.357:INFO:CONSOLE(13)] "Loaded: file:D:/Decompression/Anylogic/CS183-T14-Project-Repository-main/3d/monitor_on.dae", source: file:///C:/Program%20Files/AnyLogic%208.9%20Personal%20Learning%20Edition/plugins/com.anylogic.graphics3d_8.9.8.202602271015/static/init.js (13)
[0529/221217.357:INFO:CONSOLE(13)] "ISRGB -4144960 false", source: file:///C:/Program%20Files/AnyLogic%208.9%20Personal%20Learning%20Edition/plugins/com.anylogic.graphics3d_8.9.8.202602271015/static/init.js (13)
[0529/221217.366:INFO:CONSOLE(13)] "Loaded: file:D:/Decompression/Anylogic/CS183-T14-Project-Repository-main/3d/monitor_on.dae", source: file:///C:/Program%20Files/AnyLogic%208.9%20Personal%20Learning%20Edition/plugins/com.anylogic.graphics3d_8.9.8.202602271015/static/init.js (13)
[0529/221217.371:INFO:CONSOLE(13)] "Loaded: file:D:/Decompression/Anylogic/CS183-T14-Project-Repository-main/3d/monitor_on.dae", source: file:///C:/Program%20Files/AnyLogic%208.9%20Personal%20Learning%20Edition/plugins/com.anylogic.graphics3d_8.9.8.202602271015/static/init.js (13)
[0529/221217.371:INFO:CONSOLE(13)] "ISRGB -1 false", source: file:///C:/Program%20Files/AnyLogic%208.9%20Personal%20Learning%20Edition/plugins/com.anylogic.graphics3d_8.9.8.202602271015/static/init.js (13)
[0529/221217.371:INFO:CONSOLE(13)] "ISRGB -1 false", source: file:///C:/Program%20Files/AnyLogic%208.9%20Personal%20Learning%20Edition/plugins/com.anylogic.graphics3d_8.9.8.202602271015/static/init.js (13)
[0529/221217.393:INFO:CONSOLE(7)] "THREE.ColladaLoader: File version 1.4.0", source: file:///C:/Program%20Files/AnyLogic%208.9%20Personal%20Learning%20Edition/plugins/com.anylogic.graphics3d_8.9.8.202602271015/static/init.js (7)
[0529/221217.405:INFO:CONSOLE(13)] "Loaded: file:D:/Decompression/Anylogic/CS183-T14-Project-Repository-main/3d/person.dae", source: file:///C:/Program%20Files/AnyLogic%208.9%20Personal%20Learning%20Edition/plugins/com.anylogic.graphics3d_8.9.8.202602271015/static/init.js (13)
[0529/221217.408:INFO:CONSOLE(13)] "Loaded: file:D:/Decompression/Anylogic/CS183-T14-Project-Repository-main/3d/person.dae", source: file:///C:/Program%20Files/AnyLogic%208.9%20Personal%20Learning%20Edition/plugins/com.anylogic.graphics3d_8.9.8.202602271015/static/init.js (13)
[0529/221217.408:INFO:CONSOLE(13)] "ISRGB -1 false", source: file:///C:/Program%20Files/AnyLogic%208.9%20Personal%20Learning%20Edition/plugins/com.anylogic.graphics3d_8.9.8.202602271015/static/init.js (13)
[0529/221217.408:INFO:CONSOLE(13)] "ISRGB -1 false", source: file:///C:/Program%20Files/AnyLogic%208.9%20Personal%20Learning%20Edition/plugins/com.anylogic.graphics3d_8.9.8.202602271015/static/init.js (13)
[0529/221217.408:INFO:CONSOLE(13)] "ISRGB -16777216 false", source: file:///C:/Program%20Files/AnyLogic%208.9%20Personal%20Learning%20Edition/plugins/com.anylogic.graphics3d_8.9.8.202602271015/static/init.js (13)
[0529/221258.651:ERROR:gpu_init.cc(523)] Passthrough is not supported, GL is disabled, ANGLE is 
[0529/221444.879:INFO:CONSOLE(7)] "THREE.ColladaLoader: File version 1.4.0", source: file:///C:/Program%20Files/AnyLogic%208.9%20Personal%20Learning%20Edition/plugins/com.anylogic.graphics3d_8.9.8.202602271015/static/init.js (7)
[0529/221444.883:INFO:CONSOLE(13)] "Loaded: file:D:/GitBash/anylogic/solarpanel/CS183-T14-Project-Repository/3d/monitor_on.dae", source: file:///C:/Program%20Files/AnyLogic%208.9%20Personal%20Learning%20Edition/plugins/com.anylogic.graphics3d_8.9.8.202602271015/static/init.js (13)
[0529/221444.891:INFO:CONSOLE(13)] "Loaded: file:D:/GitBash/anylogic/solarpanel/CS183-T14-Project-Repository/3d/monitor_on.dae", source: file:///C:/Program%20Files/AnyLogic%208.9%20Personal%20Learning%20Edition/plugins/com.anylogic.graphics3d_8.9.8.202602271015/static/init.js (13)
[0529/221444.891:INFO:CONSOLE(13)] "ISRGB -4144960 false", source: file:///C:/Program%20Files/AnyLogic%208.9%20Personal%20Learning%20Edition/plugins/com.anylogic.graphics3d_8.9.8.202602271015/static/init.js (13)
[0529/221444.947:INFO:CONSOLE(13)] "Loaded: file:D:/GitBash/anylogic/solarpanel/CS183-T14-Project-Repository/3d/monitor_on.dae", source: file:///C:/Program%20Files/AnyLogic%208.9%20Personal%20Learning%20Edition/plugins/com.anylogic.graphics3d_8.9.8.202602271015/static/init.js (13)
[0529/221444.974:INFO:CONSOLE(13)] "Loaded: file:D:/GitBash/anylogic/solarpanel/CS183-T14-Project-Repository/3d/monitor_on.dae", source: file:///C:/Program%20Files/AnyLogic%208.9%20Personal%20Learning%20Edition/plugins/com.anylogic.graphics3d_8.9.8.202602271015/static/init.js (13)
[0529/221444.974:INFO:CONSOLE(13)] "ISRGB -1 false", source: file:///C:/Program%20Files/AnyLogic%208.9%20Personal%20Learning%20Edition/plugins/com.anylogic.graphics3d_8.9.8.202602271015/static/init.js (13)
[0529/221444.974:INFO:CONSOLE(13)] "ISRGB -1 false", source: file:///C:/Program%20Files/AnyLogic%208.9%20Personal%20Learning%20Edition/plugins/com.anylogic.graphics3d_8.9.8.202602271015/static/init.js (13)
[0529/221445.268:INFO:CONSOLE(7)] "THREE.ColladaLoader: File version 1.4.0", source: file:///C:/Program%20Files/AnyLogic%208.9%20Personal%20Learning%20Edition/plugins/com.anylogic.graphics3d_8.9.8.202602271015/static/init.js (7)
[0529/221445.285:INFO:CONSOLE(13)] "Loaded: file:D:/GitBash/anylogic/solarpanel/CS183-T14-Project-Repository/3d/person.dae", source: file:///C:/Program%20Files/AnyLogic%208.9%20Personal%20Learning%20Edition/plugins/com.anylogic.graphics3d_8.9.8.202602271015/static/init.js (13)
[0529/221445.289:INFO:CONSOLE(13)] "Loaded: file:D:/GitBash/anylogic/solarpanel/CS183-T14-Project-Repository/3d/person.dae", source: file:///C:/Program%20Files/AnyLogic%208.9%20Personal%20Learning%20Edition/plugins/com.anylogic.graphics3d_8.9.8.202602271015/static/init.js (13)
[0529/221445.289:INFO:CONSOLE(13)] "ISRGB -1 false", source: file:///C:/Program%20Files/AnyLogic%208.9%20Personal%20Learning%20Edition/plugins/com.anylogic.graphics3d_8.9.8.202602271015/static/init.js (13)
[0529/221445.289:INFO:CONSOLE(13)] "ISRGB -1 false", source: file:///C:/Program%20Files/AnyLogic%208.9%20Personal%20Learning%20Edition/plugins/com.anylogic.graphics3d_8.9.8.202602271015/static/init.js (13)
[0529/221445.289:INFO:CONSOLE(13)] "ISRGB -16777216 false", source: file:///C:/Program%20Files/AnyLogic%208.9%20Personal%20Learning%20Edition/plugins/com.anylogic.graphics3d_8.9.8.202602271015/static/init.js (13)
[0529/221643.411:ERROR:gpu_init.cc(523)] Passthrough is not supported, GL is disabled, ANGLE is 
[0529/223133.719:INFO:CONSOLE(7)] "THREE.ColladaLoader: File version 1.4.0", source: file:///C:/Program%20Files/AnyLogic%208.9%20Personal%20Learning%20Edition/plugins/com.anylogic.graphics3d_8.9.8.202602271015/static/init.js (7)
[0529/223133.724:INFO:CONSOLE(13)] "Loaded: file:D:/Decompression/Anylogic/CS183-T14-Project-Repository-main/3d/monitor_on.dae", source: file:///C:/Program%20Files/AnyLogic%208.9%20Personal%20Learning%20Edition/plugins/com.anylogic.graphics3d_8.9.8.202602271015/static/init.js (13)
[0529/223133.727:INFO:CONSOLE(13)] "Loaded: file:D:/Decompression/Anylogic/CS183-T14-Project-Repository-main/3d/monitor_on.dae", source: file:///C:/Program%20Files/AnyLogic%208.9%20Personal%20Learning%20Edition/plugins/com.anylogic.graphics3d_8.9.8.202602271015/static/init.js (13)
[0529/223133.728:INFO:CONSOLE(13)] "ISRGB -4144960 false", source: file:///C:/Program%20Files/AnyLogic%208.9%20Personal%20Learning%20Edition/plugins/com.anylogic.graphics3d_8.9.8.202602271015/static/init.js (13)
[0529/223133.770:INFO:CONSOLE(13)] "Loaded: file:D:/Decompression/Anylogic/CS183-T14-Project-Repository-main/3d/monitor_on.dae", source: file:///C:/Program%20Files/AnyLogic%208.9%20Personal%20Learning%20Edition/plugins/com.anylogic.graphics3d_8.9.8.202602271015/static/init.js (13)
[0529/223133.775:INFO:CONSOLE(13)] "Loaded: file:D:/Decompression/Anylogic/CS183-T14-Project-Repository-main/3d/monitor_on.dae", source: file:///C:/Program%20Files/AnyLogic%208.9%20Personal%20Learning%20Edition/plugins/com.anylogic.graphics3d_8.9.8.202602271015/static/init.js (13)
[0529/223133.775:INFO:CONSOLE(13)] "ISRGB -1 false", source: file:///C:/Program%20Files/AnyLogic%208.9%20Personal%20Learning%20Edition/plugins/com.anylogic.graphics3d_8.9.8.202602271015/static/init.js (13)
[0529/223133.775:INFO:CONSOLE(13)] "ISRGB -1 false", source: file:///C:/Program%20Files/AnyLogic%208.9%20Personal%20Learning%20Edition/plugins/com.anylogic.graphics3d_8.9.8.202602271015/static/init.js (13)
[0529/223133.798:INFO:CONSOLE(7)] "THREE.ColladaLoader: File version 1.4.0", source: file:///C:/Program%20Files/AnyLogic%208.9%20Personal%20Learning%20Edition/plugins/com.anylogic.graphics3d_8.9.8.202602271015/static/init.js (7)
[0529/223133.813:INFO:CONSOLE(13)] "Loaded: file:D:/Decompression/Anylogic/CS183-T14-Project-Repository-main/3d/person.dae", source: file:///C:/Program%20Files/AnyLogic%208.9%20Personal%20Learning%20Edition/plugins/com.anylogic.graphics3d_8.9.8.202602271015/static/init.js (13)
[0529/223133.817:INFO:CONSOLE(13)] "Loaded: file:D:/Decompression/Anylogic/CS183-T14-Project-Repository-main/3d/person.dae", source: file:///C:/Program%20Files/AnyLogic%208.9%20Personal%20Learning%20Edition/plugins/com.anylogic.graphics3d_8.9.8.202602271015/static/init.js (13)
[0529/223133.817:INFO:CONSOLE(13)] "ISRGB -1 false", source: file:///C:/Program%20Files/AnyLogic%208.9%20Personal%20Learning%20Edition/plugins/com.anylogic.graphics3d_8.9.8.202602271015/static/init.js (13)
[0529/223133.817:INFO:CONSOLE(13)] "ISRGB -1 false", source: file:///C:/Program%20Files/AnyLogic%208.9%20Personal%20Learning%20Edition/plugins/com.anylogic.graphics3d_8.9.8.202602271015/static/init.js (13)
[0529/223133.817:INFO:CONSOLE(13)] "ISRGB -16777216 false", source: file:///C:/Program%20Files/AnyLogic%208.9%20Personal%20Learning%20Edition/plugins/com.anylogic.graphics3d_8.9.8.202602271015/static/init.js (13)
[0529/223332.355:ERROR:gpu_init.cc(523)] Passthrough is not supported, GL is disabled, ANGLE is 
[0529/225402.536:INFO:CONSOLE(7)] "THREE.ColladaLoader: File version 1.4.0", source: file:///C:/Program%20Files/AnyLogic%208.9%20Personal%20Learning%20Edition/plugins/com.anylogic.graphics3d_8.9.8.202602271015/static/init.js (7)
[0529/225402.541:INFO:CONSOLE(13)] "Loaded: file:D:/GitBash/anylogic/solarpanel/CS183-T14-Project-Repository/3d/monitor_on.dae", source: file:///C:/Program%20Files/AnyLogic%208.9%20Personal%20Learning%20Edition/plugins/com.anylogic.graphics3d_8.9.8.202602271015/static/init.js (13)
[0529/225402.549:INFO:CONSOLE(13)] "Loaded: file:D:/GitBash/anylogic/solarpanel/CS183-T14-Project-Repository/3d/monitor_on.dae", source: file:///C:/Program%20Files/AnyLogic%208.9%20Personal%20Learning%20Edition/plugins/com.anylogic.graphics3d_8.9.8.202602271015/static/init.js (13)
[0529/225402.549:INFO:CONSOLE(13)] "ISRGB -4144960 false", source: file:///C:/Program%20Files/AnyLogic%208.9%20Personal%20Learning%20Edition/plugins/com.anylogic.graphics3d_8.9.8.202602271015/static/init.js (13)
[0529/225402.616:INFO:CONSOLE(13)] "Loaded: file:D:/GitBash/anylogic/solarpanel/CS183-T14-Project-Repository/3d/monitor_on.dae", source: file:///C:/Program%20Files/AnyLogic%208.9%20Personal%20Learning%20Edition/plugins/com.anylogic.graphics3d_8.9.8.202602271015/static/init.js (13)
[0529/225402.623:INFO:CONSOLE(13)] "Loaded: file:D:/GitBash/anylogic/solarpanel/CS183-T14-Project-Repository/3d/monitor_on.dae", source: file:///C:/Program%20Files/AnyLogic%208.9%20Personal%20Learning%20Edition/plugins/com.anylogic.graphics3d_8.9.8.202602271015/static/init.js (13)
[0529/225402.623:INFO:CONSOLE(13)] "ISRGB -1 false", source: file:///C:/Program%20Files/AnyLogic%208.9%20Personal%20Learning%20Edition/plugins/com.anylogic.graphics3d_8.9.8.202602271015/static/init.js (13)
[0529/225402.623:INFO:CONSOLE(13)] "ISRGB -1 false", source: file:///C:/Program%20Files/AnyLogic%208.9%20Personal%20Learning%20Edition/plugins/com.anylogic.graphics3d_8.9.8.202602271015/static/init.js (13)
[0529/225402.919:INFO:CONSOLE(7)] "THREE.ColladaLoader: File version 1.4.0", source: file:///C:/Program%20Files/AnyLogic%208.9%20Personal%20Learning%20Edition/plugins/com.anylogic.graphics3d_8.9.8.202602271015/static/init.js (7)
[0529/225402.935:INFO:CONSOLE(13)] "Loaded: file:D:/GitBash/anylogic/solarpanel/CS183-T14-Project-Repository/3d/person.dae", source: file:///C:/Program%20Files/AnyLogic%208.9%20Personal%20Learning%20Edition/plugins/com.anylogic.graphics3d_8.9.8.202602271015/static/init.js (13)
[0529/225402.938:INFO:CONSOLE(13)] "Loaded: file:D:/GitBash/anylogic/solarpanel/CS183-T14-Project-Repository/3d/person.dae", source: file:///C:/Program%20Files/AnyLogic%208.9%20Personal%20Learning%20Edition/plugins/com.anylogic.graphics3d_8.9.8.202602271015/static/init.js (13)
[0529/225402.938:INFO:CONSOLE(13)] "ISRGB -1 false", source: file:///C:/Program%20Files/AnyLogic%208.9%20Personal%20Learning%20Edition/plugins/com.anylogic.graphics3d_8.9.8.202602271015/static/init.js (13)
[0529/225402.938:INFO:CONSOLE(13)] "ISRGB -1 false", source: file:///C:/Program%20Files/AnyLogic%208.9%20Personal%20Learning%20Edition/plugins/com.anylogic.graphics3d_8.9.8.202602271015/static/init.js (13)
[0529/225402.938:INFO:CONSOLE(13)] "ISRGB -16777216 false", source: file:///C:/Program%20Files/AnyLogic%208.9%20Personal%20Learning%20Edition/plugins/com.anylogic.graphics3d_8.9.8.202602271015/static/init.js (13)
[0529/225601.051:ERROR:gpu_init.cc(523)] Passthrough is not supported, GL is disabled, ANGLE is 
[0530/133003.145:INFO:CONSOLE(7)] "THREE.ColladaLoader: File version 1.4.0", source: file:///C:/Program%20Files/AnyLogic%208.9%20Personal%20Learning%20Edition/plugins/com.anylogic.graphics3d_8.9.8.202602271015/static/init.js (7)
[0530/133003.150:INFO:CONSOLE(13)] "Loaded: file:D:/GitBash/anylogic/solarpanel/CS183-T14-Project-Repository/3d/monitor_on.dae", source: file:///C:/Program%20Files/AnyLogic%208.9%20Personal%20Learning%20Edition/plugins/com.anylogic.graphics3d_8.9.8.202602271015/static/init.js (13)
[0530/133003.155:INFO:CONSOLE(13)] "Loaded: file:D:/GitBash/anylogic/solarpanel/CS183-T14-Project-Repository/3d/monitor_on.dae", source: file:///C:/Program%20Files/AnyLogic%208.9%20Personal%20Learning%20Edition/plugins/com.anylogic.graphics3d_8.9.8.202602271015/static/init.js (13)
[0530/133003.155:INFO:CONSOLE(13)] "ISRGB -4144960 false", source: file:///C:/Program%20Files/AnyLogic%208.9%20Personal%20Learning%20Edition/plugins/com.anylogic.graphics3d_8.9.8.202602271015/static/init.js (13)
[0530/133003.209:INFO:CONSOLE(13)] "Loaded: file:D:/GitBash/anylogic/solarpanel/CS183-T14-Project-Repository/3d/monitor_on.dae", source: file:///C:/Program%20Files/AnyLogic%208.9%20Personal%20Learning%20Edition/plugins/com.anylogic.graphics3d_8.9.8.202602271015/static/init.js (13)
[0530/133003.215:INFO:CONSOLE(13)] "Loaded: file:D:/GitBash/anylogic/solarpanel/CS183-T14-Project-Repository/3d/monitor_on.dae", source: file:///C:/Program%20Files/AnyLogic%208.9%20Personal%20Learning%20Edition/plugins/com.anylogic.graphics3d_8.9.8.202602271015/static/init.js (13)
[0530/133003.215:INFO:CONSOLE(13)] "ISRGB -1 false", source: file:///C:/Program%20Files/AnyLogic%208.9%20Personal%20Learning%20Edition/plugins/com.anylogic.graphics3d_8.9.8.202602271015/static/init.js (13)
[0530/133003.215:INFO:CONSOLE(13)] "ISRGB -1 false", source: file:///C:/Program%20Files/AnyLogic%208.9%20Personal%20Learning%20Edition/plugins/com.anylogic.graphics3d_8.9.8.202602271015/static/init.js (13)
[0530/133003.516:INFO:CONSOLE(7)] "THREE.ColladaLoader: File version 1.4.0", source: file:///C:/Program%20Files/AnyLogic%208.9%20Personal%20Learning%20Edition/plugins/com.anylogic.graphics3d_8.9.8.202602271015/static/init.js (7)
[0530/133003.532:INFO:CONSOLE(13)] "Loaded: file:D:/GitBash/anylogic/solarpanel/CS183-T14-Project-Repository/3d/person.dae", source: file:///C:/Program%20Files/AnyLogic%208.9%20Personal%20Learning%20Edition/plugins/com.anylogic.graphics3d_8.9.8.202602271015/static/init.js (13)
[0530/133003.535:INFO:CONSOLE(13)] "Loaded: file:D:/GitBash/anylogic/solarpanel/CS183-T14-Project-Repository/3d/person.dae", source: file:///C:/Program%20Files/AnyLogic%208.9%20Personal%20Learning%20Edition/plugins/com.anylogic.graphics3d_8.9.8.202602271015/static/init.js (13)
[0530/133003.535:INFO:CONSOLE(13)] "ISRGB -1 false", source: file:///C:/Program%20Files/AnyLogic%208.9%20Personal%20Learning%20Edition/plugins/com.anylogic.graphics3d_8.9.8.202602271015/static/init.js (13)
[0530/133003.535:INFO:CONSOLE(13)] "ISRGB -1 false", source: file:///C:/Program%20Files/AnyLogic%208.9%20Personal%20Learning%20Edition/plugins/com.anylogic.graphics3d_8.9.8.202602271015/static/init.js (13)
[0530/133003.535:INFO:CONSOLE(13)] "ISRGB -16777216 false", source: file:///C:/Program%20Files/AnyLogic%208.9%20Personal%20Learning%20Edition/plugins/com.anylogic.graphics3d_8.9.8.202602271015/static/init.js (13)
[0530/133015.172:INFO:CONSOLE(13)] "Loaded: file:D:/GitBash/anylogic/solarpanel/CS183-T14-Project-Repository/3d/person.dae", source: file:///C:/Program%20Files/AnyLogic%208.9%20Personal%20Learning%20Edition/plugins/com.anylogic.graphics3d_8.9.8.202602271015/static/init.js (13)
[0530/133015.193:INFO:CONSOLE(7)] "THREE.ColladaLoader: File version 1.4.0", source: file:///C:/Program%20Files/AnyLogic%208.9%20Personal%20Learning%20Edition/plugins/com.anylogic.graphics3d_8.9.8.202602271015/static/init.js (7)
[0530/133015.196:INFO:CONSOLE(13)] "Loaded: file:D:/GitBash/anylogic/solarpanel/CS183-T14-Project-Repository/3d/forklift.dae", source: file:///C:/Program%20Files/AnyLogic%208.9%20Personal%20Learning%20Edition/plugins/com.anylogic.graphics3d_8.9.8.202602271015/static/init.js (13)
[0530/133015.199:INFO:CONSOLE(13)] "Loaded: file:D:/GitBash/anylogic/solarpanel/CS183-T14-Project-Repository/3d/forklift.dae", source: file:///C:/Program%20Files/AnyLogic%208.9%20Personal%20Learning%20Edition/plugins/com.anylogic.graphics3d_8.9.8.202602271015/static/init.js (13)
[0530/133201.801:ERROR:gpu_init.cc(523)] Passthrough is not supported, GL is disabled, ANGLE is 
[0530/133455.421:INFO:CONSOLE(7)] "THREE.ColladaLoader: File version 1.4.0", source: file:///C:/Program%20Files/AnyLogic%208.9%20Personal%20Learning%20Edition/plugins/com.anylogic.graphics3d_8.9.8.202602271015/static/init.js (7)
[0530/133455.426:INFO:CONSOLE(13)] "Loaded: file:D:/GitBash/anylogic/solarpanel/CS183-T14-Project-Repository/3d/monitor_on.dae", source: file:///C:/Program%20Files/AnyLogic%208.9%20Personal%20Learning%20Edition/plugins/com.anylogic.graphics3d_8.9.8.202602271015/static/init.js (13)
[0530/133455.434:INFO:CONSOLE(13)] "Loaded: file:D:/GitBash/anylogic/solarpanel/CS183-T14-Project-Repository/3d/monitor_on.dae", source: file:///C:/Program%20Files/AnyLogic%208.9%20Personal%20Learning%20Edition/plugins/com.anylogic.graphics3d_8.9.8.202602271015/static/init.js (13)
[0530/133455.434:INFO:CONSOLE(13)] "ISRGB -4144960 false", source: file:///C:/Program%20Files/AnyLogic%208.9%20Personal%20Learning%20Edition/plugins/com.anylogic.graphics3d_8.9.8.202602271015/static/init.js (13)
[0530/133455.490:INFO:CONSOLE(13)] "Loaded: file:D:/GitBash/anylogic/solarpanel/CS183-T14-Project-Repository/3d/monitor_on.dae", source: file:///C:/Program%20Files/AnyLogic%208.9%20Personal%20Learning%20Edition/plugins/com.anylogic.graphics3d_8.9.8.202602271015/static/init.js (13)
[0530/133455.497:INFO:CONSOLE(13)] "Loaded: file:D:/GitBash/anylogic/solarpanel/CS183-T14-Project-Repository/3d/monitor_on.dae", source: file:///C:/Program%20Files/AnyLogic%208.9%20Personal%20Learning%20Edition/plugins/com.anylogic.graphics3d_8.9.8.202602271015/static/init.js (13)
[0530/133455.497:INFO:CONSOLE(13)] "ISRGB -1 false", source: file:///C:/Program%20Files/AnyLogic%208.9%20Personal%20Learning%20Edition/plugins/com.anylogic.graphics3d_8.9.8.202602271015/static/init.js (13)
[0530/133455.497:INFO:CONSOLE(13)] "ISRGB -1 false", source: file:///C:/Program%20Files/AnyLogic%208.9%20Personal%20Learning%20Edition/plugins/com.anylogic.graphics3d_8.9.8.202602271015/static/init.js (13)
[0530/133455.833:INFO:CONSOLE(7)] "THREE.ColladaLoader: File version 1.4.0", source: file:///C:/Program%20Files/AnyLogic%208.9%20Personal%20Learning%20Edition/plugins/com.anylogic.graphics3d_8.9.8.202602271015/static/init.js (7)
[0530/133455.848:INFO:CONSOLE(13)] "Loaded: file:D:/GitBash/anylogic/solarpanel/CS183-T14-Project-Repository/3d/person.dae", source: file:///C:/Program%20Files/AnyLogic%208.9%20Personal%20Learning%20Edition/plugins/com.anylogic.graphics3d_8.9.8.202602271015/static/init.js (13)
[0530/133455.852:INFO:CONSOLE(13)] "Loaded: file:D:/GitBash/anylogic/solarpanel/CS183-T14-Project-Repository/3d/person.dae", source: file:///C:/Program%20Files/AnyLogic%208.9%20Personal%20Learning%20Edition/plugins/com.anylogic.graphics3d_8.9.8.202602271015/static/init.js (13)
[0530/133455.852:INFO:CONSOLE(13)] "ISRGB -1 false", source: file:///C:/Program%20Files/AnyLogic%208.9%20Personal%20Learning%20Edition/plugins/com.anylogic.graphics3d_8.9.8.202602271015/static/init.js (13)
[0530/133455.852:INFO:CONSOLE(13)] "ISRGB -1 false", source: file:///C:/Program%20Files/AnyLogic%208.9%20Personal%20Learning%20Edition/plugins/com.anylogic.graphics3d_8.9.8.202602271015/static/init.js (13)
[0530/133455.852:INFO:CONSOLE(13)] "ISRGB -16777216 false", source: file:///C:/Program%20Files/AnyLogic%208.9%20Personal%20Learning%20Edition/plugins/com.anylogic.graphics3d_8.9.8.202602271015/static/init.js (13)
[0530/133536.806:INFO:CONSOLE(7)] "THREE.ColladaLoader: File version 1.4.0", source: file:///C:/Program%20Files/AnyLogic%208.9%20Personal%20Learning%20Edition/plugins/com.anylogic.graphics3d_8.9.8.202602271015/static/init.js (7)
[0530/133536.808:INFO:CONSOLE(13)] "Loaded: file:D:/Decompression/Anylogic/CS183-T14-Project-Repository-buffer_feature/3d/monitor_on.dae", source: file:///C:/Program%20Files/AnyLogic%208.9%20Personal%20Learning%20Edition/plugins/com.anylogic.graphics3d_8.9.8.202602271015/static/init.js (13)
[0530/133536.810:INFO:CONSOLE(13)] "Loaded: file:D:/Decompression/Anylogic/CS183-T14-Project-Repository-buffer_feature/3d/monitor_on.dae", source: file:///C:/Program%20Files/AnyLogic%208.9%20Personal%20Learning%20Edition/plugins/com.anylogic.graphics3d_8.9.8.202602271015/static/init.js (13)
[0530/133536.811:INFO:CONSOLE(13)] "ISRGB -4144960 false", source: file:///C:/Program%20Files/AnyLogic%208.9%20Personal%20Learning%20Edition/plugins/com.anylogic.graphics3d_8.9.8.202602271015/static/init.js (13)
[0530/133536.819:INFO:CONSOLE(13)] "Loaded: file:D:/Decompression/Anylogic/CS183-T14-Project-Repository-buffer_feature/3d/monitor_on.dae", source: file:///C:/Program%20Files/AnyLogic%208.9%20Personal%20Learning%20Edition/plugins/com.anylogic.graphics3d_8.9.8.202602271015/static/init.js (13)
[0530/133536.824:INFO:CONSOLE(13)] "Loaded: file:D:/Decompression/Anylogic/CS183-T14-Project-Repository-buffer_feature/3d/monitor_on.dae", source: file:///C:/Program%20Files/AnyLogic%208.9%20Personal%20Learning%20Edition/plugins/com.anylogic.graphics3d_8.9.8.202602271015/static/init.js (13)
[0530/133536.824:INFO:CONSOLE(13)] "ISRGB -1 false", source: file:///C:/Program%20Files/AnyLogic%208.9%20Personal%20Learning%20Edition/plugins/com.anylogic.graphics3d_8.9.8.202602271015/static/init.js (13)
[0530/133536.825:INFO:CONSOLE(13)] "ISRGB -1 false", source: file:///C:/Program%20Files/AnyLogic%208.9%20Personal%20Learning%20Edition/plugins/com.anylogic.graphics3d_8.9.8.202602271015/static/init.js (13)
[0530/133536.849:INFO:CONSOLE(7)] "THREE.ColladaLoader: File version 1.4.0", source: file:///C:/Program%20Files/AnyLogic%208.9%20Personal%20Learning%20Edition/plugins/com.anylogic.graphics3d_8.9.8.202602271015/static/init.js (7)
[0530/133536.860:INFO:CONSOLE(13)] "Loaded: file:D:/Decompression/Anylogic/CS183-T14-Project-Repository-buffer_feature/3d/person.dae", source: file:///C:/Program%20Files/AnyLogic%208.9%20Personal%20Learning%20Edition/plugins/com.anylogic.graphics3d_8.9.8.202602271015/static/init.js (13)
[0530/133536.864:INFO:CONSOLE(13)] "Loaded: file:D:/Decompression/Anylogic/CS183-T14-Project-Repository-buffer_feature/3d/person.dae", source: file:///C:/Program%20Files/AnyLogic%208.9%20Personal%20Learning%20Edition/plugins/com.anylogic.graphics3d_8.9.8.202602271015/static/init.js (13)
[0530/133536.864:INFO:CONSOLE(13)] "ISRGB -1 false", source: file:///C:/Program%20Files/AnyLogic%208.9%20Personal%20Learning%20Edition/plugins/com.anylogic.graphics3d_8.9.8.202602271015/static/init.js (13)
[0530/133536.864:INFO:CONSOLE(13)] "ISRGB -1 false", source: file:///C:/Program%20Files/AnyLogic%208.9%20Personal%20Learning%20Edition/plugins/com.anylogic.graphics3d_8.9.8.202602271015/static/init.js (13)
[0530/133536.864:INFO:CONSOLE(13)] "ISRGB -16777216 false", source: file:///C:/Program%20Files/AnyLogic%208.9%20Personal%20Learning%20Edition/plugins/com.anylogic.graphics3d_8.9.8.202602271015/static/init.js (13)
[0530/133623.729:INFO:CONSOLE(7)] "THREE.ColladaLoader: File version 1.4.0", source: file:///C:/Program%20Files/AnyLogic%208.9%20Personal%20Learning%20Edition/plugins/com.anylogic.graphics3d_8.9.8.202602271015/static/init.js (7)
[0530/133623.734:INFO:CONSOLE(13)] "Loaded: file:D:/GitBash/anylogic/solarpanel/CS183-T14-Project-Repository/3d/monitor_on.dae", source: file:///C:/Program%20Files/AnyLogic%208.9%20Personal%20Learning%20Edition/plugins/com.anylogic.graphics3d_8.9.8.202602271015/static/init.js (13)
[0530/133623.740:INFO:CONSOLE(13)] "Loaded: file:D:/GitBash/anylogic/solarpanel/CS183-T14-Project-Repository/3d/monitor_on.dae", source: file:///C:/Program%20Files/AnyLogic%208.9%20Personal%20Learning%20Edition/plugins/com.anylogic.graphics3d_8.9.8.202602271015/static/init.js (13)
[0530/133623.740:INFO:CONSOLE(13)] "ISRGB -4144960 false", source: file:///C:/Program%20Files/AnyLogic%208.9%20Personal%20Learning%20Edition/plugins/com.anylogic.graphics3d_8.9.8.202602271015/static/init.js (13)
[0530/133623.797:INFO:CONSOLE(13)] "Loaded: file:D:/GitBash/anylogic/solarpanel/CS183-T14-Project-Repository/3d/monitor_on.dae", source: file:///C:/Program%20Files/AnyLogic%208.9%20Personal%20Learning%20Edition/plugins/com.anylogic.graphics3d_8.9.8.202602271015/static/init.js (13)
[0530/133623.803:INFO:CONSOLE(13)] "Loaded: file:D:/GitBash/anylogic/solarpanel/CS183-T14-Project-Repository/3d/monitor_on.dae", source: file:///C:/Program%20Files/AnyLogic%208.9%20Personal%20Learning%20Edition/plugins/com.anylogic.graphics3d_8.9.8.202602271015/static/init.js (13)
[0530/133623.803:INFO:CONSOLE(13)] "ISRGB -1 false", source: file:///C:/Program%20Files/AnyLogic%208.9%20Personal%20Learning%20Edition/plugins/com.anylogic.graphics3d_8.9.8.202602271015/static/init.js (13)
[0530/133623.803:INFO:CONSOLE(13)] "ISRGB -1 false", source: file:///C:/Program%20Files/AnyLogic%208.9%20Personal%20Learning%20Edition/plugins/com.anylogic.graphics3d_8.9.8.202602271015/static/init.js (13)
[0530/133624.082:INFO:CONSOLE(7)] "THREE.ColladaLoader: File version 1.4.0", source: file:///C:/Program%20Files/AnyLogic%208.9%20Personal%20Learning%20Edition/plugins/com.anylogic.graphics3d_8.9.8.202602271015/static/init.js (7)
[0530/133624.097:INFO:CONSOLE(13)] "Loaded: file:D:/GitBash/anylogic/solarpanel/CS183-T14-Project-Repository/3d/person.dae", source: file:///C:/Program%20Files/AnyLogic%208.9%20Personal%20Learning%20Edition/plugins/com.anylogic.graphics3d_8.9.8.202602271015/static/init.js (13)
[0530/133624.100:INFO:CONSOLE(13)] "Loaded: file:D:/GitBash/anylogic/solarpanel/CS183-T14-Project-Repository/3d/person.dae", source: file:///C:/Program%20Files/AnyLogic%208.9%20Personal%20Learning%20Edition/plugins/com.anylogic.graphics3d_8.9.8.202602271015/static/init.js (13)
[0530/133624.100:INFO:CONSOLE(13)] "ISRGB -1 false", source: file:///C:/Program%20Files/AnyLogic%208.9%20Personal%20Learning%20Edition/plugins/com.anylogic.graphics3d_8.9.8.202602271015/static/init.js (13)
[0530/133624.100:INFO:CONSOLE(13)] "ISRGB -1 false", source: file:///C:/Program%20Files/AnyLogic%208.9%20Personal%20Learning%20Edition/plugins/com.anylogic.graphics3d_8.9.8.202602271015/static/init.js (13)
[0530/133624.100:INFO:CONSOLE(13)] "ISRGB -16777216 false", source: file:///C:/Program%20Files/AnyLogic%208.9%20Personal%20Learning%20Edition/plugins/com.anylogic.graphics3d_8.9.8.202602271015/static/init.js (13)
[0530/133714.614:INFO:CONSOLE(13)] "Loaded: file:D:/GitBash/anylogic/solarpanel/CS183-T14-Project-Repository/3d/person.dae", source: file:///C:/Program%20Files/AnyLogic%208.9%20Personal%20Learning%20Edition/plugins/com.anylogic.graphics3d_8.9.8.202602271015/static/init.js (13)
[0530/133714.635:INFO:CONSOLE(7)] "THREE.ColladaLoader: File version 1.4.0", source: file:///C:/Program%20Files/AnyLogic%208.9%20Personal%20Learning%20Edition/plugins/com.anylogic.graphics3d_8.9.8.202602271015/static/init.js (7)
[0530/133714.639:INFO:CONSOLE(13)] "Loaded: file:D:/GitBash/anylogic/solarpanel/CS183-T14-Project-Repository/3d/forklift.dae", source: file:///C:/Program%20Files/AnyLogic%208.9%20Personal%20Learning%20Edition/plugins/com.anylogic.graphics3d_8.9.8.202602271015/static/init.js (13)
[0530/133714.641:INFO:CONSOLE(13)] "Loaded: file:D:/GitBash/anylogic/solarpanel/CS183-T14-Project-Repository/3d/forklift.dae", source: file:///C:/Program%20Files/AnyLogic%208.9%20Personal%20Learning%20Edition/plugins/com.anylogic.graphics3d_8.9.8.202602271015/static/init.js (13)
[0530/133821.302:INFO:CONSOLE(7)] "THREE.ColladaLoader: File version 1.4.0", source: file:///C:/Program%20Files/AnyLogic%208.9%20Personal%20Learning%20Edition/plugins/com.anylogic.graphics3d_8.9.8.202602271015/static/init.js (7)
[0530/133821.306:INFO:CONSOLE(13)] "Loaded: file:D:/GitBash/anylogic/solarpanel/CS183-T14-Project-Repository/3d/monitor_on.dae", source: file:///C:/Program%20Files/AnyLogic%208.9%20Personal%20Learning%20Edition/plugins/com.anylogic.graphics3d_8.9.8.202602271015/static/init.js (13)
[0530/133821.313:INFO:CONSOLE(13)] "Loaded: file:D:/GitBash/anylogic/solarpanel/CS183-T14-Project-Repository/3d/monitor_on.dae", source: file:///C:/Program%20Files/AnyLogic%208.9%20Personal%20Learning%20Edition/plugins/com.anylogic.graphics3d_8.9.8.202602271015/static/init.js (13)
[0530/133821.313:INFO:CONSOLE(13)] "ISRGB -4144960 false", source: file:///C:/Program%20Files/AnyLogic%208.9%20Personal%20Learning%20Edition/plugins/com.anylogic.graphics3d_8.9.8.202602271015/static/init.js (13)
[0530/133821.371:INFO:CONSOLE(13)] "Loaded: file:D:/GitBash/anylogic/solarpanel/CS183-T14-Project-Repository/3d/monitor_on.dae", source: file:///C:/Program%20Files/AnyLogic%208.9%20Personal%20Learning%20Edition/plugins/com.anylogic.graphics3d_8.9.8.202602271015/static/init.js (13)
[0530/133821.378:INFO:CONSOLE(13)] "Loaded: file:D:/GitBash/anylogic/solarpanel/CS183-T14-Project-Repository/3d/monitor_on.dae", source: file:///C:/Program%20Files/AnyLogic%208.9%20Personal%20Learning%20Edition/plugins/com.anylogic.graphics3d_8.9.8.202602271015/static/init.js (13)
[0530/133821.378:INFO:CONSOLE(13)] "ISRGB -1 false", source: file:///C:/Program%20Files/AnyLogic%208.9%20Personal%20Learning%20Edition/plugins/com.anylogic.graphics3d_8.9.8.202602271015/static/init.js (13)
[0530/133821.378:INFO:CONSOLE(13)] "ISRGB -1 false", source: file:///C:/Program%20Files/AnyLogic%208.9%20Personal%20Learning%20Edition/plugins/com.anylogic.graphics3d_8.9.8.202602271015/static/init.js (13)
[0530/133821.673:INFO:CONSOLE(7)] "THREE.ColladaLoader: File version 1.4.0", source: file:///C:/Program%20Files/AnyLogic%208.9%20Personal%20Learning%20Edition/plugins/com.anylogic.graphics3d_8.9.8.202602271015/static/init.js (7)
[0530/133821.688:INFO:CONSOLE(13)] "Loaded: file:D:/GitBash/anylogic/solarpanel/CS183-T14-Project-Repository/3d/person.dae", source: file:///C:/Program%20Files/AnyLogic%208.9%20Personal%20Learning%20Edition/plugins/com.anylogic.graphics3d_8.9.8.202602271015/static/init.js (13)
[0530/133821.692:INFO:CONSOLE(13)] "Loaded: file:D:/GitBash/anylogic/solarpanel/CS183-T14-Project-Repository/3d/person.dae", source: file:///C:/Program%20Files/AnyLogic%208.9%20Personal%20Learning%20Edition/plugins/com.anylogic.graphics3d_8.9.8.202602271015/static/init.js (13)
[0530/133821.692:INFO:CONSOLE(13)] "ISRGB -1 false", source: file:///C:/Program%20Files/AnyLogic%208.9%20Personal%20Learning%20Edition/plugins/com.anylogic.graphics3d_8.9.8.202602271015/static/init.js (13)
[0530/133821.692:INFO:CONSOLE(13)] "ISRGB -1 false", source: file:///C:/Program%20Files/AnyLogic%208.9%20Personal%20Learning%20Edition/plugins/com.anylogic.graphics3d_8.9.8.202602271015/static/init.js (13)
[0530/133821.692:INFO:CONSOLE(13)] "ISRGB -16777216 false", source: file:///C:/Program%20Files/AnyLogic%208.9%20Personal%20Learning%20Edition/plugins/com.anylogic.graphics3d_8.9.8.202602271015/static/init.js (13)
